autor_original	autor_normalizado
Aaxodius (Petrus)	Aaxodius (Pedro)
Abadie (M. r Jacques)	Abadie (Jacobo)
Abami (Petri)	Abami (Pedro)
Abarca (P. Pedro)	Abarca (P Pedro)
Abaunza (D. n Petride)	Abaunza (Petride)
Abela (Francisco)	Abela (Francisco)
Abella (D. n Antonio Joseph de)	Abella (Antonio Joseph de)
Aben David Alsa Hagii (Mahumet)	Aben David Alsa Hagii (Mahumet)
Abensalexo (Pasqual de)	Abensalexo (Pasqual de)
Abreu (Luis de)	Abreu (Luis de)
Abreu y Berdano (D. Felix)	Abreu y Berdano (D Felix)
Abreu y Berdano (D. Joseph Antonio)	Abreu y Berdano (D Joseph Antonio)
Abril (Pedro Simon)	Abril (Pedro Simon)
Acciojoli (Anton Francisco)	Acciojoli (Anton Francisco)
Acebedo (Luis Alazino de)	Acebedo (Luis Alazino de)
Acevedo (Lazaro Gonzalez)	Acevedo (Lazaro Gonzalez)
Achenwall (Goter)	Achenwall (Goter)
Achmetis (Fr. Felix)	Achmetis (Fr Felix)
Acosta (Christobal)	Acosta (Christobal)
Acosta (Jan)	Acosta (Jan)
Acosta (P. Joseph)	Acosta (P Joseph)
Acuña (P. Christoval)	Acuña (P Christoval)
Adan... (D. Vicente)	Adan (D Vicente)
Aedo... y Guillat (D. Diego de)	Aedo y Guillat (D Diego de)
Aelianus (Claudius)	Aelianus (Claudius)
Aemilius (Paul)	Aemilius (Paul)
Afan de Rivera (D.ª Fulgenio)	Afan de Rivera (Fulgenio)
Afanca, y Mendoza (Joseph)	Afanca y Mendoza (Joseph)
Africanus (Chorippi)	Africanus (Chorippi)
Agostino (Francisco)	Agostino (Francisco)
Agreda (D. Diego)	Agreda (D Diego)
Agreda (María Jesús de)	Agreda (María Jesús de)
Agricola (Georgius)	Agricola (Jorge)
Agricola (Rodolphus)	Agricola (Rodolphus)
Aguar (Juan de)	Aguar (Juan de)
Aguayo (D. Juan de Castilla)	Aguayo (D Juan de Castilla)
Aguenza (D. Pedro)	Aguenza (D Pedro)
Aguiarre (Michaelis)	Aguiarre (Miguel)
Águila (D. D. Pedro)	Águila (D D Pedro)
Aguilar (Conde de)	Aguilar
Aguilar (D. Manuel Benito Fiel)	Aguilar (D Manuel Benito Fiel)
Aguilar (Fr. Thomas)	Aguilar (Fr Tomás)
Aguileza (Fr. Joseph)	Aguileza (Fr Joseph)
Aguileza (Joa)	Aguileza (Joa)
Aguilon (Pedro a)	Aguilon (Pedro a)
Aguirre (D. Diego)	Aguirre (D Diego)
Aguirre (Josef Saenz)	Aguirre (Josef Saenz)
Aguirre (P. Joaquin)	Aguirre (P Joaquin)
Aiora (D. Antonius)	Aiora (D Antonio)
Aitzmeza (León)	Aitzmeza (León)
Ajofrín (Fr. Francisco de)	Ajofrín (Fr Francisco de)
Alaba, y Viaront (D. Diego de)	Alaba y Viaront (D Diego de)
Alagón (D. Antal Conde de Santiago)	Alagón (D Antal de Santiago)
Alarcón (D. Antonio Suárez de)	Alarcón (D Antonio Suárez de)
Alava et Eguivel (D. Didacus)	Alava et Eguivel (D Didacus)
Albanus (Jo Hieron.)	Albanus (Jo Hieron.)
Alberti, Florentin (Leon Bautista)	Alberti Florentin (Leon Bautista)
Albertinus (Arnaldus)	Albertinus (Arnaldus)
Albienis (Petri Gillii)	Albienis (Pedro Gillii)
Albornoz (Card.)	Albornoz (Card.)
Albornoz (D. Diego)	Albornoz (D Diego)
Alburquerque (Alfonso)	Alburquerque (Alfonso)
Alburquerque Coello (Duarte)	Alburquerque Coello (Duarte)
Alburquerque (Francisco de)	Alburquerque (Francisco de)
Alcagniciense (F. Thomas)	Alcagniciense (F Tomás)
Alcazar (D. Melchor)	Alcazar (D Melchor)
Alcazar (P. Bartolomei)	Alcazar (P Bartolomei)
Alcedo (D. Antonio)	Alcedo (D Antonio)
Alcedo (Dn Dionisio)	Alcedo (Dn Dionisio)
Alciati (Andreae)	Alciati (Andreae)
Alcocer (Dn Fran.)	Alcocer (Dn Fran.)
Alcocer (Fr Juan)	Alcocer (Juan)
Alcocer (Pedro)	Alcocer (Pedro)
Aldana (Cosme de)	Aldana (Cosme de)
Aldebrandini (Cardinalis)	Aldebrandini (Cardinalis)
Alderete (D. Bernardo)	Alderete (D Bernardo)
Alderete (D. D. Bernardo)	Alderete (D D Bernardo)
Alea (P. Miguel Benoz)	Alea (P Miguel Benoz)
Alegambi (Philippi)	Alegambi (Felipe)
Aleman (Matheo)	Aleman (Matheo)
Alemanni (Séni)	Alemanni (Séni)
Alexandri (S. Natalis)	Alexandri (S Natalis)
Alexandro (Alexandri ab)	Alexandro (Alexandri ab)
Alfano (D. Franciscus)	Alfano (D Francisco)
Alfonsi (Petri)	Alfonsi (Pedro)
Allatius (Leonis)	Allatius (Leonis)
Almeida (D. Manuel)	Almeida (D Manuel)
Almeida (P. Theodoro)	Almeida (P Theodoro)
Almici (Joa-Dapt.)	Almici (Joa-Dapt.)
Almonacid (Fr. Joseph de)	Almonacid (Fr Joseph de)
Alsedo y Herrera (Dn Dionisio)	Alsedo y Herrera (Dn Dionisio)
Altamixani (D.D. Jo)	Altamixani (D Jo)
Altamuxa (F. Ambrosii)	Altamuxa (F Ambrosii)
Altansixani (Dn Hieronimi)	Altansixani (Dn Hieronimi)
Alteserra (Antonii Dadini)	Alteserra (Antonio Dadini)
Alva ... (Fr. Pedro de)	Alva (Fr Pedro de)
Alva (Francisci Isidor)	Alva (Francisco Isidor)
Alvaredo (Didacus Rodericus)	Alvaredo (Didacus Rodericus)
Alvaredo (Dn. Francisco)	Alvaredo (Dn Francisco)
Alvaredo (Dn. Mario Bibiano de)	Alvaredo (Dn Mario Bibiano de)
Alvarez... Correa (Dn Luis)	Alvarez Correa (Dn Luis)
Alvarez de Abreu (Dn Antonio Joseph)	Alvarez de Abreu (Dn Antonio Joseph)
Alvarez de Acosta (To.)	Alvarez de Acosta (To.)
Alvarez de Lugo (D. Pedro)	Alvarez de Lugo (D Pedro)
Alvarez de Oriente (Fernao)	Alvarez de Oriente (Fernao)
Alvarez de Selano (D. Gabriel)	Alvarez de Selano (D Gabriel)
Alvarez de Toledo (D. Gabriel)	Alvarez de Toledo (D Gabriel)
Alvarez (Dn Fran.co)	Alvarez (Dn Fran.co)
Alvarez (Dn Gaspar)	Alvarez (Dn Gaspar)
Alvarez (Dn Joaquin)	Alvarez (Dn Joaquin)
Alvarez (Manuel)	Alvarez (Manuel)
Alvarez Pegar (Em manuclis)	Alvarez Pegar (Em manuclis)
Alvarez... Rivera (Franc.)	Alvarez Rivera (Franc.)
Alvarez, y Daena (Dn Joseph Antonio)	Alvarez y Daena (Dn Joseph Antonio)
Alvaro (Ytimo S. D. Iuan)	Alvaro (Ytimo S D Iuan)
Alvaxi (Emm)	Alvaxi (Emm)
Alvaxi (Pelagii)	Alvaxi (Pelagii)
Alveixia (Gentilis)	Alveixia (Gentilis)
Amada (D. Joseph Fchis de)	Amada (D Joseph Fchis de)
Amaia.. (Dn Franco)	Amaia (Dn Franco)
Amar... (D. Joseph)	Amar (D Joseph)
Amarrio (Juan Bautista)	Amarrio (Juan Bautista)
Ambergeri (Laurent. And.)	Ambergeri (Laurent And.)
Amitii... (Paul)	Amitii (Paul)
Amizati.. (Scipioni)	Amizati (Scipioni)
Ammar (Joanne Paulo)	Ammar (Joanne Paulo)
Amort. (Eusebio)	Amort (Eusebio)
Ampelis.. (duci)	Ampelis (duci)
Amucua.. (Dn Baltas.)	Amucua (Dn Baltas.)
Anaya (D. Mariano)	Anaya (D Mariano)
Anazarbei (Dionysius)	Anazarbei (Dionysius)
Ancina (P. Daniel)	Ancina (P Daniel)
Ancona (Augustinus)	Ancona (Agustín)
Andosilla (Martini)	Andosilla (Martini)
Andrada (Diego de Payva de)	Andrada (Diego de Payva de)
Andrada (Pedro Fernandez de)	Andrada (Pedro Fernandez de)
Andrade (P. Alonso de)	Andrade (P Alonso de)
Andrea (Alexandro)	Andrea (Alexandro)
Andreae (Valerii)	Andreae (Valerii)
Andres (D. Juan)	Andres (D Juan)
Andres (D. Juan Francisco)	Andres (D Juan Francisco)
Andres (El Abate D. Juan)	Andres (El Abate D Juan)
Angeli (Fr. Bernardinus ab)	Angeli (Fr Bernardinus ab)
Angleria (Petri Martini de)	Angleria (Pedro Martini de)
Angulo (Andreae)	Angulo (Andreae)
Angulo (Dn Martin)	Angulo (Dn Martin)
Angulo y Pulgar (Dn Martin)	Angulo y Pulgar (Dn Martin)
Anjaldium (P. Cartus)	Anjaldium (P Cartus)
[Anónimo]	[Anónimo]
Ansaldo (Dn Francisco)	Ansaldo (Dn Francisco)
Anselme (Le R. P.)	Anselme (Le R P.)
Antiqui (To.)	Antiqui (To.)
Antoninus (Maxciy)	Antoninus (Maxciy)
Antonio (D. Nicolás)	Antonio (D Nicolás)
Antonio de Ayala (R.P.)	Antonio de Ayala (R.P.)
Antunez (D. Dominici)	Antunez (D Dominici)
Anxaiguez (Hernianus Georgius)	Anxaiguez (Hernianus Jorge)
Aobortelij (Franc.)	Aobortelij (Franc.)
Aphrodising (Alexis)	Aphrodising (Alexis)
Apiano (Pedro)	Apiano (Pedro)
Apollinaris (Cassiodori)	Apollinaris (Cassiodori)
Appianus (Alexandrinus)	Appianus (Alexandrinus)
Appilloni (Thomas)	Appilloni (Tomás)
Apulei (Lucii)	Apulei (Lucii)
Aquilgienis (Pauli)	Aquilgienis (Pablo)
Aquino (S. Thomas a)	Aquino (S Tomás a)
Aracena (Fr. Gonzalo)	Aracena (Fr Gonzalo)
Arango (D. Juan)	Arango (D Juan)
Aranyi (Pedro)	Aranyi (Pedro)
Arau (D. Juan)	Arau (D Juan)
Arau de Borrey (D. Gomez)	Arau de Borrey (D Gomez)
Arau de Mierey (D. Gomez)	Arau de Mierey (D Gomez)
Araujo (Hmi Dn Francisco)	Araujo (Hmi Dn Francisco)
Arcimiega (R.P. F.manuel)	Arcimiega (R.P F.manuel)
Arcos (Dn. Joseph)	Arcos (Dn Joseph)
Arcos (Dn. Juan)	Arcos (Dn Juan)
Arcos (El Duque)	Arcos (El)
Ardemani (Dn. Theodoro)	Ardemani (Dn Theodoro)
Aretino (Pietro)	Aretino (Pietro)
Argaiz (Fr. Gregorio)	Argaiz (Fr Gregorio)
Argensola (Bartolomé Leonardo de)	Argensola (Bartolomé Leonardo de)
Argenteri (Jo.)	Argenteri (Jo.)
Argote de Molina (Gonzalo)	Argote de Molina (Gonzalo)
Argüelles (D. Juan Manuel)	Argüelles (D Juan Manuel)
Argumosa (Dr. Theodoro)	Argumosa (Dr Theodoro)
Arias Montano (Benedicti)	Arias Montano (Benedicti)
Ariegger (Pan Jose)	Ariegger (Pan Jose)
Ariosto (Ludovico)	Ariosto (Ludovico)
Armacano (Alexi)	Armacano (Alexi)
Armaña (Dº Francisco)	Armaña (Dº Francisco)
Armelot.. (Mr.)	Armelot (Mr.)
Arnaldo (D. Antonio)	Arnaldo (D Antonio)
Arnaud (Georgis De)	Arnaud (Georgis De)
Arnaud (Mr.)	Arnaud (Mr.)
Arnissius (Henningius)	Arnissius (Henningius)
Arnobius (Afric.)	Arnobius (Afric.)
Arnold, y Suárd (el Sr.)	Arnold y Suárd (el Sr.)
Arnoldi (Carolus)	Arnoldi (Carlos)
Arnoldi (Christophorus)	Arnoldi (Christophorus)
Arostegui (Benedicti Clement)	Arostegui (Benedicti Clement)
Arpíley (Petri Simonis)	Arpíley (Pedro Simonis)
Arrostegui (Theofomi Clement)	Arrostegui (Theofomi Clement)
Arroyal (Dr Leonor)	Arroyal (Leonor)
Artemidore (Daldiani)	Artemidore (Daldiani)
Arucia (Dr Gabriel)	Arucia (Gabriel)
Arzuego (Juan de)	Arzuego (Juan de)
Asaxino (Luca)	Asaxino (Luca)
Ascanii (Hesiodi)	Ascanii (Hesiodi)
Assio del Rio (D. Ignacio)	Assio del Rio (D Ignacio)
Astaga (Dr Felix de)	Astaga (Felix de)
Asteca (Dr Stefano)	Asteca (Stefano)
Astete (P. Gaspar)	Astete (P Gaspar)
Astor Guinguarboxeij (Antonius Joa)	Astor Guinguarboxeij (Antonio Joa)
Astruc (Atr.)	Astruc (Atr.)
A.T. Atayde (Vtmi D. Bernardi de)	A.T Atayde (Vtmi D Bernardo de)
Atreopagita (S. Dionisius)	Atreopagita (S Dionisius)
Aubert (Mr.)	Aubert (Mr.)
Auberteuil (Mr. Hillard)	Auberteuil (Mr Hillard)
Aueschi (Vaxon de)	Aueschi (Vaxon de)
Augusti (Antonini)	Augusti (Antonini)
Augusti Exnuri (Jo)	Augusti Exnuri (Jo)
Augustini (Antoni)	Agustín (Antoni)
Augustinus (Aurelius)	Agustín (Aurelius)
Aunmaci (Dr Dominici)	Aunmaci (Dominici)
Ausias March (el Poeta Atosense)	Ausias March (el Poeta Atosense)
autor	autor
Auxelii (Marci Imperatoris)	Auxelii (Marcos Imperatoris)
Auxelii (Victorii Sexti)	Auxelii (Victorii Sexti)
Avancini (P. Nicolás)	Avancini (P Nicolás)
Avendaño (D. Antonius Cabrera)	Avendaño (D Antonio Cabrera)
Avendaño (Ludovicus Velazquez de)	Avendaño (Luis Velazquez de)
Avendaño (Petri Núñez)	Avendaño (Pedro Núñez)
Aver Campy (Sieberry)	Aver Campy (Sieberry)
Averani (Joseph)	Averani (Joseph)
Avieni (Ruficini)	Avieni (Ruficini)
Avila (D. Francisci)	Avila (D Francisco)
Avila (D. Iph.)	Avila (D Iph.)
Avila (D. Pedro)	Avila (D Pedro)
Avila (Francisci)	Avila (Francisco)
Avila (Stephani)	Avila (Esteban)
Avila y Tunica (D. Luis)	Avila y Tunica (D Luis)
Axamburo (Dn Manuel Vicente)	Axamburo (Dn Manuel Vicente)
Axce ... (Juan de)	Axce (Juan de)
Axce Ótaloza (Joan ab)	Axce Ótaloza (Joan ab)
Axellano (Dn. Garcia Ramirez)	Axellano (Dn Garcia Ramirez)
Axellano (Dn. Luis a)	Axellano (Dn Luis a)
Axellano (P. F. Juan Salvador Bautista)	Axellano (P F Juan Salvador Bautista)
Axera (Dn. Joseph Lorenzo de)	Axera (Dn Joseph Lorenzo de)
Axiz (P. Fr. Luis)	Axiz (P Fr Luis)
Ayala (Balthasar)	Ayala (Balthasar)
Ayala (Juan Interian de)	Ayala (Juan Interian de)
Ayala y Atuloria (Manuel Ferriz)	Ayala y Atuloria (Manuel Ferriz)
Aymenich (Math.)	Aymenich (Math.)
Ayora Valmiso (Hernando de)	Ayora Valmiso (Hernando de)
Aythaud (Mr.)	Aythaud (Mr.)
Azagaa (D. Melchor de)	Azagaa (D Melchor de)
Azana, et Aznaca (Dn Francisco)	Azana et Aznaca (Dn Francisco)
Azanza (Dn Joseph de)	Azanza (Dn Joseph de)
Azeaci (Ferdinandi)	Azeaci (Ferdinandi)
Azevedo (Alphonsus de)	Azevedo (Alphonsus de)
Azevedo (Diego Manuel de)	Azevedo (Diego Manuel de)
Aznada (Fr. Pedro a)	Aznada (Fr Pedro a)
Aznada (Luis)	Aznada (Luis)
Aznada (P. Gabriel)	Aznada (P Gabriel)
Aznar (Dn. Bernardo Francisco)	Aznar (Dn Bernardo Francisco)
Azpilcueta (Martinus)	Azpilcueta (Martinus)
Baccalarii (Vincentii)	Baccalarii (Vincentii)
Bachius (Jo. Augustus)	Bachius (Jo Augustus)
Bachonii (Francisci)	Bachonii (Francisco)
Bachovii (Reinandi)	Bachovii (Reinandi)
Bacon (Thomas)	Bacon (Tomás)
Bacquetii (Jo.)	Bacquetii (Jo.)
Bactiae (Dn Gasparis)	Bactiae (Dn Gasparis)
Baiarte (Dn Juan)	Baiarte (Dn Juan)
Baili (D. Benito)	Baili (D Benito)
Baillet (Adrien)	Baillet (Adrien)
Balboa (D. Francisco)	Balboa (D Francisco)
Balde (Jacobi)	Balde (Jacobo)
Baldiviejo (Mão Joseph)	Baldiviejo (Mão Joseph)
Balduini (D.)	Balduini (D.)
Balduini (F. Antonii)	Balduini (F Antonio)
Balduini (Francisci)	Balduini (Francisco)
Ballegarte (El Abat)	Ballegarte (El Abat)
Ballenius (Guillelmus)	Ballenius (Guillelmus)
Ballermontanus (Nicolai)	Ballermontanus (Nicolás)
Ballettero (Juan Matheo)	Ballettero (Juan Matheo)
Balmaeda (D. Didacus de la Puente, et)	Balmaeda (D Didacus de la Puente et)
Balmain (P. Pablo Ignacio de)	Balmain (P Pablo Ignacio de)
Baluzzii (Stephani)	Baluzzii (Esteban)
Banconeius (Bartholomaeus Agricola)	Banconeius (Bartholomaeus Agricola)
Banduri (Dn Anselmi)	Banduri (Dn Anselmi)
Banega (Alep)	Banega (Alep)
Baptista (F Anton)	Baptista (Anton)
Baptistae (Jo)	Baptistae (Jo)
Baravona. De Soto (duis)	Baravona De Soto (duis)
Barba (Albazo Alonso)	Barba (Albazo Alonso)
Barberini (Staphaci)	Barberini (Staphaci)
Barbeyrac (Jo)	Barbeyrac (Jo)
Barbosa (Axi)	Barbosa (Axi)
Barbosa (Diego)	Barbosa (Diego)
Barbosa (Dr. Joseph)	Barbosa (Dr Joseph)
Barbosa (P. Augustini)	Barbosa (P Agustín)
Barbosa (Pedro)	Barbosa (Pedro)
Barbosa (Petri)	Barbosa (Pedro)
Barclai (Jo)	Barclai (Jo)
Barnabae (Hyeronimi)	Barnabae (Hyeronimi)
Barreda (D. Francisco)	Barreda (D Francisco)
Barreda (Fray Diego Gómez)	Barreda (Diego Gómez)
Barreda (Licenciado Chaves de)	Barreda (Licenciado Chaves de)
Barreiros (Gaspar)	Barreiros (Gaspar)
Barrera (Dn. Miguel de la)	Barrera (Dn Miguel de la)
Barrieni (M.)	Barrieni (M.)
Barrio Angulo (Gabriel Perez)	Barrio Angulo (Gabriel Perez)
Barriochii (Olai)	Barriochii (Olai)
Barriomevo (Garcial)	Barriomevo (Garcial)
Barros (Joam)	Barros (Joam)
Barroso (Bernardino)	Barroso (Bernardino)
Barthi (Gasparis)	Barthi (Gasparis)
Bartholi (P. Daniel)	Bartholi (P Daniel)
Bartolinis (Thomas)	Bartolinis (Tomás)
Bary (Jacobi)	Bary (Jacobo)
Bassi (Carlo)	Bassi (Carlo)
Bastida (P. Hernando de la)	Bastida (P Hernando de la)
Basurri (Rodexici)	Basurri (Rodexici)
Baudrano (Michaelis Antonii)	Baudrano (Miguel Antonio)
Baudy (Dominici)	Baudy (Dominici)
Baunquelli (Jo. Salom.)	Baunquelli (Jo Salom.)
Bautista de Castro (P. Fr. Manuel)	Bautista de Castro (P Fr Manuel)
Bautista (P. Mico Alomo)	Bautista (P Mico Alomo)
Baxatòi (Saltrana)	Baxatòi (Saltrana)
Baxlandi (Hadriani)	Baxlandi (Hadriani)
Baxoni... (Caesaris)	Baxoni (Caesaris)
Bayard (Chevalier)	Bayard (Chevalier)
Bayer... (Francisci Perez)	Bayer (Francisco Perez)
Bayó... (Gomezii)	Bayó (Gomezii)
Bazphii (Lazari)	Bazphii (Lazari)
Bazquez de Miranda (Fr. Alonso y San Yldefonso)	Bazquez de Miranda (Fr Alonso y Yldefonso)
Bazquez (Dn Miguel  Yelgo)	Bazquez (Dn Miguel Yelgo)
Bazquez, et Moxales (Dn Joachimi Josephi)	Bazquez et Moxales (Dn Joachimi Josephi)
Beami, y Català (D. D. Joseph)	Beami y Català (D D Joseph)
Beano (Miguel)	Beano (Miguel)
Beaumont (Madama de)	Beaumont (Madama de)
Becherem baub. (Jo)	Becherem baub (Jo)
Becheri (Jo)	Becheri (Jo)
Becmani (J.C.)	Becmani (J.C.)
Bedmar o Espinosa (Dn Ygnacio)	Bedmar o Espinosa (Dn Ygnacio)
Belarquez (Dn Joseph Luis)	Belarquez (Dn Joseph Luis)
Bellando (F. Nicolás)	Bellando (F Nicolás)
Bellarmine (Card. Robertus)	Bellarmine (Card Robertus)
Belleforest (Fran. M.)	Belleforest (Fran M.)
Bellengardi (Stephani)	Bellengardi (Esteban)
Bello (D. Benito Frz. M.)	Bello (D Benito Frz M.)
Bellugae (Petri)	Bellugae (Pedro)
Belseram (Famgefi)	Belseram (Famgefi)
Belthem (Salentiní)	Belthem (Salentiní)
Beltram (Excmo. Sr. D. Felipe)	Beltram (Excmo Sr D Felipe)
Beltrani (M. Francisci)	Beltrani (M Francisco)
Bembie (Petri)	Bembie (Pedro)
Bembo (M. Pietro)	Bembo (M Pietro)
Benavente (D. Jo.)	Benavente (D Jo.)
Benavente y Benavides (D. Cantoval)	Benavente y Benavides (D Cantoval)
Benavides (Ilmo Miguel Anto)	Benavides (Miguel Anto)
Benavides (Jo)	Benavides (Jo)
Benavides (Marcos Atantua)	Benavides (Marcos Atantua)
Benengeli (Cide Hamete)	Benengeli (Cide Hamete)
Bening (Jacobus)	Bening (Jacobo)
Bentivollo (Cardenal)	Bentivollo
Berardi (Carolus Sebastianus)	Berardi (Carlos Sebastianus)
Bercillomy (Jacoby)	Bercillomy (Jacoby)
Berganza (Fr. Francisco)	Berganza (Fr Francisco)
Berganza y Salzedo (Dn Sebastian)	Berganza y Salzedo (Dn Sebastian)
Bergazae (Francisci)	Bergazae (Francisco)
Berger (Jo Enrrici)	Berger (Jo Enrrici)
Bergier (M. L. Abbé)	Bergier (M L Abbé)
Bergier (Nicolas)	Bergier (Nicolas)
Bermudez de Pedraza (Licent. Fran.)	Bermudez de Pedraza (Licent Fran.)
Bernad (Dn. Fran.)	Bernad (Dn Fran.)
Bernal Diaz del Caso (D. D. Juan)	Bernal Diaz del Caso (D D Juan)
Bernal (Mr. Vital)	Bernal (Mr Vital)
Bernardi Valentini (Michaelis)	Bernardo Valentini (Miguel)
Bernardus (Sylberius)	Bernardo (Sylberius)
Bernarty (Joa)	Bernarty (Joa)
Beroaldi (Philp)	Beroaldi (Philp)
Berreggexi (Mathiae)	Berreggexi (Mathiae)
Berri (diz. Luis)	Berri (diz Luis)
Berruguete (Dn. Pedro)	Berruguete (Dn Pedro)
Bertán (Eocemo S. D. Felipe)	Bertán (Eocemo S D Felipe)
Berthault (Petri)	Berthault (Pedro)
Berti (Juan Lorenzo)	Berti (Juan Lorenzo)
Bertola (Dn. Jorge)	Bertola (Dn Jorge)
Bertrami (Bonaventurae Corneli)	Bertrami (Bonaventurae Corneli)
Beuchen (Cornelii)	Beuchen (Cornelii)
Beyer (Georgii)	Beyer (Jorge)
Bezant (Gabriel)	Bezant (Gabriel)
Bidermani (Jacobi)	Bidermani (Jacobo)
Bie (Jacques)	Bie (Jacobo)
Biefeld (El Daxon de)	Biefeld (El Daxon de)
Bierlinguis (Fredericus Guillelmus)	Bierlinguis (Fredericus Guillelmus)
Bing (El Almirante)	Bing (El Almirante)
Bioio (Thoma)	Bioio (Thoma)
Biscardi (Seraphim)	Biscardi (Seraphim)
Bixago (Gio Battista)	Bixago (Gio Battista)
Bixi (D. Juan Dantista)	Bixi (D Juan Dantista)
Bizot (Mr.)	Bizot (Mr.)
Blackstone (Mr.)	Blackstone (Mr.)
Blanca (Hieronimi)	Blanca (Hieronimi)
Blancharo (El Abate)	Blancharo (El Abate)
Blancus (D. Marcy Ant.)	Blancus (D Marcy Ant.)
Blasco de Lamiza (D. Vincentii)	Blasco de Lamiza (D Vincentii)
Blasco (Fran. Fernandez)	Blasco (Fran Fernandez)
Blazquez (Mayoralgo D. Juan)	Blazquez (Mayoralgo D Juan)
Bleda (Fr. Jacobi)	Bleda (Fr Jacobo)
Blondel (Mr.)	Blondel (Mr.)
Blount (Carolus)	Blount (Carlos)
Blount (Thomas Pope)	Blount (Tomás Pope)
Bobilli (Carolus)	Bobilli (Carlos)
Bocacio (Juan)	Bocacio (Juan)
Bocaluci (Jo. Antonii)	Bocaluci (Jo Antonio)
Bocenius (Francisci)	Bocenius (Francisco)
Bockerodt (Gotofredi)	Bockerodt (Gotofredi)
Boditeau (Pedro)	Boditeau (Pedro)
Boemius (Jo)	Boemius (Jo)
Bohmeii (Just)	Bohmeii (Just)
Boileau (Jacobi)	Boileau (Jacobo)
Boileau (Nicolas)	Boileau (Nicolas)
Boissat (Pierre)	Boissat (Pedro)
Bolduani (Pauli)	Bolduani (Pablo)
Bolero y Muñoz (Dr Joseph Manuel)	Bolero y Muñoz (Joseph Manuel)
Bolexo (De Didaci)	Bolexo (De Didaci)
Bolue (Jacobus)	Bolue (Jacobo)
Bolzami (Sibani)	Bolzami (Sibani)
Bombini (Pauli)	Bombini (Pablo)
Bonaxcii (Cleix)	Bonaxcii (Cleix)
Bondia (de Ambrosio)	Bondia (de Ambrosio)
Bonells (D. D. Jaime)	Bonells (D D Jaime)
Bonet (D. Pedro)	Bonet (D Pedro)
Bonet (Juan Pablo)	Bonet (Juan Pablo)
Boneta (Fr. Joseph)	Boneta (Fr Joseph)
Bonium (Rey de Persia)	Bonium (de Persia)
Bononia (D. Antonius)	Bononia (D Antonio)
Bonyexe (D. Carlos)	Bonyexe (D Carlos)
Bordazar y Artazú (Antonio)	Bordazar y Artazú (Antonio)
Bordelon (Loxemo)	Bordelon (Loxemo)
Borsiae (Hieronimi)	Borsiae (Hieronimi)
Borsiae (Santi Francisci)	Borsiae (Santi Francisco)
Bos (Lamberti)	Bos (Lamberti)
Bosarte (D'Isidio)	Bosarte (D'Isidio)
Bosch (D Andrea)	Bosch (Andrea)
Bosiny (Jo Gerardy)	Bosiny (Jo Gerardy)
Bosio (Jacomo)	Bosio (Jacomo)
Bosomi (Marc Zucr)	Bosomi (Marc Zucr)
Bosquieus (F. Filipus)	Bosquieus (F Filipus)
Bosuet (Jacobo Benigno)	Bosuet (Jacobo Benigno)
Botelli (Francisci)	Botelli (Francisco)
Boterij (Jo)	Boterij (Jo)
Botuaini Benaduci (Lorenzo)	Botuaini Benaduci (Lorenzo)
Bougeant (P.)	Bougeant (P.)
Bouger (dir)	Bouger (dir)
Bouligni (D. Juan)	Bouligni (D Juan)
Boulonjer (Ludovici)	Boulonjer (Luis)
Bouveler (Guillermo)	Bouveler (Guillermo)
Bouxau (Mr.)	Bouxau (Mr.)
Bove (Jo)	Bove (Jo)
Boxelli (P. D. Caroli)	Boxelli (P D Carlos)
Boxellii (Camillus)	Boxellii (Camillus)
Boxhornii (Marci Ziræii)	Boxhornii (Marcos Ziræii)
Boxitiy (Jacobus)	Boxitiy (Jacobo)
Brabo (Bartolomeus)	Brabo (Bartolomeus)
Brabo (Matheus)	Brabo (Matheus)
Brabo (Nicolaus)	Brabo (Nicolás)
Bracatii (Cardinalis)	Bracatii (Cardinalis)
Brachellii (Aldolphus)	Brachellii (Aldolphus)
Brackwallii (Antonii D.)	Brackwallii (Antonio D.)
Brancacho (Fr. Lelio)	Brancacho (Fr Lelio)
Brancalaso (D. Julio Antonio Sabenius)	Brancalaso (D Julio Antonio Sabenius)
Brandes (Jo.)	Brandes (Jo.)
Bratuti (D. Vicente)	Bratuti (D Vicente)
Braudlacht (Georgi)	Braudlacht (Georgi)
Braun (Georgii)	Braun (Jorge)
Bremond (F. Antoninus)	Bremond (F Antoninus)
Brenadan (D. Francisco Fabro)	Brenadan (D Francisco Fabro)
Brenomamus (Henricus)	Brenomamus (Henricus)
Bresthaupti (Cristiani)	Bresthaupti (Cristiani)
Brice (Mr.)	Brice (Mr.)
Brisonii (Barnabae)	Brisonii (Barnabae)
Bronchout (T.C.)	Bronchout (T.C.)
Bruck (Jacobi)	Bruck (Jacobo)
Bry... (Theodori M.)	Bry (Theodori M.)
Buagerdicii (Dr. Francisci)	Buagerdicii (Dr Francisco)
Bucelini (F. Gabrielis)	Bucelini (F Gabrielis)
Buchaltem (Belarthen)	Buchaltem (Belarthen)
Buchan. (Guilhelmo)	Buchan (Guilhelmo)
Buchananii (Georgii)	Buchananii (Jorge)
Budaei (Guillielmi)	Budaei (Guillielmi)
Buddei (Jo. Francisci)	Buddei (Jo Francisco)
Budderii (Christophori)	Budderii (Christophori)
Buffon (El Conde de)	Buffon (El de)
Buisigni (Mr.)	Buisigni (Mr.)
Bulengerum (Julius Caesar)	Bulengerum (Julius Caesar)
Bullandus (Paulus)	Bullandus (Pablo)
Bumerii (Friederici)	Bumerii (Friederici)
Buonarici (Conde Cartuccio)	Buonarici (Cartuccio)
Buonaroti (Philipo)	Buonaroti (Philipo)
Burbiquiy (Hugonii)	Burbiquiy (Hugonii)
Burchii (D.)	Burchii (D.)
Bure (Guillaume Francois)	Bure (Guillermo Francois)
Burgii (Petri)	Burgii (Pedro)
Burgillos (tome de)	Burgillos (tome de)
Burgmani (Jo)	Burgmani (Jo)
Burgos, alias a Salamanca (Antonii)	Burgos alias a Salamanca (Antonio)
Burgos (Almo)	Burgos (Almo)
Burgos (Sebastiani)	Burgos (Sebastiani)
Burgundi (Nicolai)	Burgundi (Nicolás)
Burhilli Etnoli (Robertii)	Burhilli Etnoli (Robertii)
Buri (Jo. Michaelis)	Buri (Jo Miguel)
Burkhii (Hermanni)	Burkhii (Hermanni)
Burlamaqui (Y.I.)	Burlamaqui (Y.I.)
Burmani (Petri)	Burmani (Pedro)
Burstarfio (Martinio)	Burstarfio (Martinio)
Buscayolo (Margs.)	Buscayolo (Margs.)
Busching (Mr.)	Busching (Mr.)
Buserbaum (Hermani)	Buserbaum (Hermani)
Busisier (Jo)	Busisier (Jo)
Bustamante (Jo)	Bustamante (Jo)
Busto (D. Bernabé)	Busto (D Bernabé)
But. (Guilhelmi)	But (Guilhelmi)
Butron (Dr. Juande)	Butron (Dr Juande)
Butxon (P. Joseph Antonio)	Butxon (P Joseph Antonio)
Buxoldiamy (Gerardus)	Buxoldiamy (Gerardus)
Buyanda (D. Gaspar)	Buyanda (D Gaspar)
Cabanach (D. Poncio)	Cabanach (D Poncio)
Cabanile (D. Antonio)	Cabanile (D Antonio)
Cabassutii (Jo)	Cabassutii (Jo)
Cabaza (D. Joseph Isidro)	Cabaza (D Joseph Isidro)
Cabedo (D. Georgius)	Cabedo (D Jorge)
Cabrera (Claudio Antonio)	Cabrera (Claudio Antonio)
Cabrera (D. Melchor)	Cabrera (D Melchor)
Cabrera de Cordova (D. Luis)	Cabrera de Cordova (D Luis)
Cabrera (Fr. Alonso)	Cabrera (Fr Alonso)
Cabreros Avendaño (D. Antonio)	Cabreros Avendaño (D Antonio)
Cacere (Antonio)	Cacere (Antonio)
Caceres (Francisco)	Caceres (Francisco)
Caceres, y Sotomayor (D. Fr. Antonio)	Caceres y Sotomayor (D Fr Antonio)
Cadiz (P. Fr. Diego)	Cadiz (P Fr Diego)
Caesarii (Jo)	Caesarii (Jo)
Caesarii (Julii)	Caesarii (Julii)
Caesaxiensis (Prisciani)	Caesaxiensis (Prisciani)
Cajetanus (Constantinus)	Cajetanus (Constantinus)
Calà (D. Carolus)	Calà (D Carlos)
Calà (D.D. Hyeronimus)	Calà (D Hyeronimus)
Calculatorii (Suisset Anglici)	Calculatorii (Suisset Anglici)
Calda, Pereira (D. Francisc.)	Calda Pereira (D Francisc.)
Caldera (Eduardus)	Caldera (Eduardus)
Calderon (Bartolomei Roderici)	Calderon (Bartolomei Roderici)
Calderon (D. D. Antonio)	Calderon (D D Antonio)
Calderon (D. Joseph)	Calderon (D Joseph)
Calderon (D. Juan Alonso)	Calderon (D Juan Alonso)
Calderon (D. Luis Francisco)	Calderon (D Luis Francisco)
Calderon (D. Pedro)	Calderon (D Pedro)
Calepini (Ambrosii)	Calepini (Ambrosii)
Calleja... (Alonso)	Calleja (Alonso)
Calliati (Nicephori)	Calliati (Nicephori)
Calliere (M. de)	Calliere (M de)
Calmet (P. Augustini)	Calmet (P Agustín)
Calsi (Maximiliano)	Calsi (Maximiliano)
Calveti (Jo. Christophori)	Calveti (Jo Christophori)
Calvini (Jo)	Calvini (Jo)
Calvino... (Cesar)	Calvino (Cesar)
Calvo, y Julian (Dn Vicente)	Calvo y Julian (Dn Vicente)
Camarao (Dn Geronimo)	Camarao (Dn Geronimo)
Camaxa (F. Maxi dela)	Camaxa (F Maxi dela)
Camberlain (Juan)	Camberlain (Juan)
Camdeni (Guillelmi)	Camdeni (Guillelmi)
Camerarius (Joachimi)	Camerarius (Joachimi)
Camimy (Nicolaus)	Camimy (Nicolás)
Camini (Angeli)	Camini (Angeli)
Camino, y Velasco (Dn Pedro)	Camino y Velasco (Dn Pedro)
Campana (Jo Maria)	Campana (Jo Maria)
Campanella (F. Thomas)	Campanella (F Tomás)
Campanile (Filiberto)	Campanile (Filiberto)
Campany (Dn Antonio)	Campany (Dn Antonio)
Campeggi (il Conte Ridolfo)	Campeggi (il Conte Ridolfo)
Campeggi (Thomas)	Campeggi (Tomás)
Campillo et Mateu (Antoni)	Campillo et Mateu (Antoni)
Campillo (Ginés)	Campillo (Ginés)
Campo (Dn Venacio)	Campo (Dn Venacio)
Campo y Herrera (D. Nicolas)	Campo y Herrera (D Nicolas)
Campomanes (Dn Pedro Rodriguez)	Campomanes (Dn Pedro Rodriguez)
Campos (D. Vicente)	Campos (D Vicente)
Campos (M. F. Marco)	Campos (M F Marco)
Camps (el Abate)	Camps (el Abate)
Cancer y Velasco (D. Jeronimo)	Cancer y Velasco (D Jeronimo)
Candamo (D. Francisco)	Candamo (D Francisco)
Cangiamila (D. Francisco)	Cangiamila (D Francisco)
Canivell (Dn Fran.)	Canivell (Dn Fran.)
Cano (Dn Joannis)	Cano (Dn Joannis)
Cano (Fr Pedro)	Cano (Pedro)
Cano (Melchor)	Cano (Melchor)
Canonhexii (Petri Andrae)	Canonhexii (Pedro Andrae)
Cantalicio (Monsig)	Cantalicio (Monsig)
Cantera (Didaci a)	Cantera (Didaci a)
Cantexi (Guilhelmi)	Cantexi (Guilhelmi)
Cantos ... (D. Pedro a)	Cantos (D Pedro a)
Cañes (P. F. Francisco)	Cañes (P F Francisco)
Capacii (Jo. Caesaris)	Capacii (Jo Caesaris)
Capel... (Fr. Christoval)	Capel (Fr Christoval)
Capellae (Prosperi)	Capellae (Prosperi)
Capeluchi (P. Juan)	Capeluchi (P Juan)
Capilla (F. Andrej)	Capilla (F Andrej)
Capistranu (Jo.)	Capistranu (Jo.)
Capmany (D.ª Gerónimo)	Capmany (Gerónimo)
Capmany y Montpalau (Dn Antonio a)	Capmany y Montpalau (Dn Antonio a)
Cappelli (Ludovicus)	Cappelli (Luis)
Cappuzean (Charles)	Cappuzean (Carlos)
Capriceta (Pietro Gior.)	Capriceta (Pietro Gior.)
Capuano (D.ª Nicola)	Capuano (Nicola)
Caracioli (Joan)	Caracioli (Joan)
Caraciolo (Cittarque de)	Caraciolo (Cittarque de)
Caramuel (D. Jo.)	Caramuel (D Jo.)
Carbone (Ludovicus)	Carbone (Luis)
Carbonell (Mosen Pere Miquel)	Carbonell (Mosen Pere Miquel)
Carcaga (Margar.)	Carcaga (Margar.)
Cardenas (D. Salvador)	Cardenas (D Salvador)
Cardillo Villapando (Gasparis)	Cardillo Villapando (Gasparis)
Cardona (D. etruxes)	Cardona (D etruxes)
Cardona (Jo. Baptista)	Cardona (Jo Baptista)
Cardoso Ossorio (Benedicti)	Cardoso Ossorio (Benedicti)
Carleval (D. Thomas)	Carleval (D Tomás)
Carli (El Conde de)	Carli (El de)
Carmeno (Antonio)	Carmeno (Antonio)
Carmens (diversos)	Carmens (diversos)
Caro de Torres (diz. Franco)	Caro de Torres (diz Franco)
Caro (Dn Rodrigo)	Caro (Dn Rodrigo)
Carpenteyi (Joannis)	Carpenteyi (Joannis)
Carpiñano (El Príncipe de)	Carpiñano (El Príncipe de)
Carpio (D. Francisco)	Carpio (D Francisco)
Carpzovius (Benedictus)	Carpzovius (Benedictus)
Carranza (Alphonsus)	Carranza (Alphonsus)
Carranza (Bartholomeus)	Carranza (Bartholomeus)
Carrascal (D. Joseph Renales)	Carrascal (D Joseph Renales)
Carrasco (D. Francisci)	Carrasco (D Francisco)
Carrera (D. Francisco)	Carrera (D Francisco)
Carrillo (D. Alonso)	Carrillo (D Alonso)
Carrillo (D. Luis)	Carrillo (D Luis)
Carrillo (D. Martin)	Carrillo (D Martin)
Carrillo de Acuña (H. D. Petri)	Carrillo de Acuña (H D Pedro)
Cartagrola (Gio. Antonio)	Cartagrola (Gio Antonio)
Carthagena (D.D. Bartholomei)	Carthagena (D Bartholomei)
Carthagena (P. Joannis)	Carthagena (P Joannis)
Carthier (P. Galli)	Carthier (P Galli)
Carthusiani (Dionisii Ricket)	Carthusiani (Dionisii Ricket)
Cary (Mr.)	Cary (Mr.)
Casalbon (D. Raphael)	Casalbon (D Raphael)
Casalius (Jo. Baptista)	Casalius (Jo Baptista)
Casanova (M. Joseph)	Casanova (M Joseph)
Casar (Fr. Francisco)	Casar (Fr Francisco)
Casas et Pexena (Sebastiani)	Casas et Pexena (Sebastiani)
Casas (Vltimo S. D. Bartolome)	Casas (Vltimo S D Bartolome)
Casaubonius (Isaacus)	Casaubonius (Isaacus)
Cascales (Liz. Francisco)	Cascales (Liz Francisco)
Casella (Petrus Leo)	Casella (Pedro Leo)
Casexo (Dn Antonio)	Casexo (Dn Antonio)
Casini (Michaelis)	Casini (Miguel)
Casio, y Celis (D. Pedro)	Casio y Celis (D Pedro)
Casius (Stephani)	Casius (Esteban)
Cassan (Mr. Jacques)	Cassan (Mr Jacobo)
Cassii Cocesani (Dionis)	Cassii Cocesani (Dionis)
Castañaga (Marques, M.)	Castañaga (M.)
Castañeda (D.º Guillen Baxbony)	Castañeda (º Guillen Baxbony)
Castel (Mr. Charles Ixeret)	Castel (Mr Carlos Ixeret)
Castel (P. J. Antonius)	Castel (P J Antonio)
Castella.. Ferrer (D.º Mauro)	Castella Ferrer (º Mauro)
Castellanos (Juan)	Castellanos (Juan)
Castellanus (Petrus)	Castellanus (Pedro)
Castellanus (Vicentius)	Castellanus (Vicentius)
Castelli (Baxolomaei)	Castelli (Baxolomaei)
Castelli (Didaci)	Castelli (Didaci)
Castelli (P. Antonii)	Castelli (P Antonio)
Castellius (D.º Franciscus)	Castellius (º Francisco)
Castelnov (D.º Joseph)	Castelnov (º Joseph)
Casti inocentis (Itmadi)	Casti inocentis (Itmadi)
Castigon (Ategidi)	Castigon (Ategidi)
Castilla (D.º Francisco)	Castilla (º Francisco)
Castillo (Antonio de)	Castillo (Antonio de)
Castillo (Bernal Díaz del)	Castillo (Bernal Díaz del)
Castillo (D. Alonso)	Castillo (D Alonso)
Castillo (D. Jo)	Castillo (D Jo)
Castillo (D. Leonardo de)	Castillo (D Leonardo de)
Castillo (D. Martín)	Castillo (D Martín)
Castillo (D. Ventura)	Castillo (D Ventura)
Castillo et Ariga (D. Didacus)	Castillo et Ariga (D Didacus)
Castillo (Julian de)	Castillo (Julian de)
Castillo (M. F. Fernando)	Castillo (M F Fernando)
Castres (M. L'Abbe)	Castres (M L'Abbe)
Castro (D. Francisco Antonio)	Castro (D Francisco Antonio)
Castro (D. Juan Francisco)	Castro (D Juan Francisco)
Castro (Dn Joseph)	Castro (Dn Joseph)
Castro (Dn Joseph Rodriguez)	Castro (Dn Joseph Rodriguez)
Castro (Dn Nicolas Fernandez)	Castro (Dn Nicolas Fernandez)
Castro (Dn Pedro)	Castro (Dn Pedro)
Castro (F. Alphonsi à)	Castro (F Alphonsi à)
Castro (Leonis)	Castro (Leonis)
Castro (P. Francisco)	Castro (P Francisco)
Castro (Paez de)	Castro (Paez de)
Castro (Rodericus)	Castro (Rodericus)
Cato... (Mr.)	Cato (Mr.)
Catoyxa (P. Fonacio)	Catoyxa (P Fonacio)
Cauzeara (Philippo)	Cauzeara (Philippo)
Cavaccia (Jo)	Cavaccia (Jo)
Cavalieri (Jo)	Cavalieri (Jo)
Cavallero (D. Joseph Garcia)	Cavallero (D Joseph Garcia)
Cavalló (P.D. Luis)	Cavalló (D Luis)
Cavanille (Mr. l'Abbé)	Cavanille (Mr l'Abbé)
Caveza de Paca (Hilmo D. Luis)	Caveza de Paca (Hilmo D Luis)
Caxa de Sevuela (D. Miguel)	Caxa de Sevuela (D Miguel)
Caxafa (Carol.)	Caxafa (Carol.)
Caxaval (Ilmo Dn Pedro)	Caxaval (Dn Pedro)
Caxballo (Luis Alfonso)	Caxballo (Luis Alfonso)
Caxdaru (Hyeronimus)	Caxdaru (Hyeronimus)
Caxionis (Ludovici)	Caxionis (Luis)
Caxmona (D. Emmanuelis Atxedomdo)	Caxmona (D Emmanuelis Atxedomdo)
Caxystii (Antigoni)	Caxystii (Antigoni)
Cayxaios... de Figueora (D. Bartolomé)	Cayxaios de Figueora (D Bartolomé)
Cazada (D. Bernardo Maria)	Cazada (D Bernardo Maria)
Cedillo... (D. Pedro Manuel)	Cedillo (D Pedro Manuel)
Celso (Hugo)	Celso (Hugo)
Cenalis (Robertus)	Cenalis (Robertus)
Cennii (Cajetani)	Cennii (Cajetani)
Cenobii (Petri)	Cenobii (Pedro)
Censor (el)	Censor (el)
Cerda (F. Juan de la)	Cerda (F Juan de la)
Cerda (Luis Valle de la)	Cerda (Luis Valle de la)
Cerda (Melchior)	Cerda (Melchior)
Cerdà y Rico (Dr. Francisco)	Cerdà y Rico (Dr Francisco)
Cerdan detallada (Dª Dª Thomas)	Cerdan detallada (Dª Dª Tomás)
Cernadas, y Castro (D. Diego Antonio)	Cernadas y Castro (D Diego Antonio)
Cerpedes (Dn Andres)	Cerpedes (Dn Andres)
Cerpedes, y Acencio (Dn Gonzalo de)	Cerpedes y Acencio (Dn Gonzalo de)
Cerrino, y Muga (Dn Joseph)	Cerrino y Muga (Dn Joseph)
Cerrío (Julio)	Cerrío (Julio)
Cervantes (Caveda)	Cervantes (Caveda)
Cervantes (D. Manuel Antonio)	Cervantes (D Manuel Antonio)
Cervantes (Dn Pedro)	Cervantes (Dn Pedro)
Cervantes (Joanney Guillen)	Cervantes (Joanney Guillen)
Cervellon (Conde de)	Cervellon
Cervera (el Licenciado)	Cervera (el Licenciado)
Cesareo (Christophori)	Cesareo (Christophori)
Cevallos (Dn Juan Joseph)	Cevallos (Dn Juan Joseph)
Cevallos (Hyeronimi)	Cevallos (Hyeronimi)
Chacon (Gonzalo)	Chacon (Gonzalo)
Chamberlan (Juan)	Chamberlan (Juan)
Champagne (F. Juan)	Champagne (F Juan)
Chassanei (Alexandri)	Chassanei (Alexandri)
Chateaunexon (El cav. R.)	Chateaunexon (El cav R.)
Chavazzi et Eouia (Pet)	Chavazzi et Eouia (Pet)
Chavexo (Dn Juan)	Chavexo (Dn Juan)
Cherme (Andre du)	Cherme (Andre du)
Chesne (M. du)	Chesne (M du)
Chevillier (Mr. André)	Chevillier (Mr André)
Chifletius (Jo. Jacob.)	Chifletius (Jo Jacob.)
Choppinus (Renatus)	Choppinus (Renatus)
Choquier (Erasmus)	Choquier (Erasmus)
Choquier (Jo)	Choquier (Jo)
Choul (S. Guillaume)	Choul (S Guillermo)
Chrisiani (Siebentali)	Chrisiani (Siebentali)
Christian (Eirathiae)	Christian (Eirathiae)
Christian (Thomaeii)	Christian (Thomaeii)
Chrysostomi (S. Joa)	Chrysostomi (S Joa)
Chueca, y Mezquita (D. Joseph)	Chueca y Mezquita (D Joseph)
Chumacero, y Carrillo (D. Juan)	Chumacero y Carrillo (D Juan)
Chxillon (Aaron)	Chxillon (Aaron)
Chytraeus (David)	Chytraeus (David)
Ciaconi (Alphonsi)	Ciaconi (Alphonsi)
Ciaconi (Petri)	Ciaconi (Pedro)
Cibdaxcal (Fernan Gomez de)	Cibdaxcal (Fernan Gomez de)
Ciccarelli (Antonio)	Ciccarelli (Antonio)
Ciceronis (M. Tull.)	Ciceronis (M Tull.)
Cid. Miranda (To)	Cid Miranda (To)
Cidonii (C. P. Endemotij To)	Cidonii (C P Endemotij To)
Cienfuegos (D.ª Beatriz)	Cienfuegos (Beatriz)
Cienfuegos (M. Alvaro)	Cienfuegos (M Alvaro)
Cifuentes (Michaelis)	Cifuentes (Miguel)
Cirer y Cerda (D. Miguel)	Cirer y Cerda (D Miguel)
Cixoni (Inocentii)	Cixoni (Inocentii)
Cixuelo (Petri)	Cixuelo (Pedro)
Clapmadius (Arnoldus)	Clapmadius (Arnoldus)
Clari (D. Francisco)	Clari (D Francisco)
Claudiani (C.L.)	Claudiani (C.L.)
Clavel de Bzenhej (Abrahamus Daniel)	Clavel de Bzenhej (Abrahamus Daniel)
Clavero (D. Vicente)	Clavero (D Vicente)
Clavigero (D. Francisco Saverio)	Clavigero (D Francisco Saverio)
Clavijo y Fajardo (D. Joseph)	Clavijo y Fajardo (D Joseph)
Claxiana, y Gualbes (D. Antonio)	Claxiana y Gualbes (D Antonio)
Clementis (Davidis)	Clementis (Davidis)
Clementis (P. Claudio)	Clementis (P Claudio)
Clenardi (Nicolai)	Clenardi (Nicolás)
Cliquet (F. Joseph Faustino)	Cliquet (F Joseph Faustino)
Cloppenburgi (Joa)	Cloppenburgi (Joa)
Clubezii (Philippi)	Clubezii (Felipe)
Coaesii (Henrici)	Coaesii (Henrici)
Cocceji (Samuelis)	Cocceji (Samuelis)
Cockier (C.)	Cockier (C.)
Codozio (P. Antonio)	Codozio (P Antonio)
Coeffiteau (F. N.)	Coeffiteau (F N.)
Cohelius (Jacobus)	Cohelius (Jacobo)
Cohontuel (M.)	Cohontuel (M.)
Coimè (El P. de)	Coimè (El P de)
Colber (Mr.)	Colber (Mr.)
Colesus (Juan)	Colesus (Juan)
Colina (D. Juan Antonio)	Colina (D Juan Antonio)
Collado (dudovici)	Collado (dudovici)
Collado (J. Didaci)	Collado (J Didaci)
Collante (D. Jacobi)	Collante (D Jacobo)
Collemicio (M. Pandolfo)	Collemicio (M Pandolfo)
Colmenares (Diego de)	Colmenares (Diego de)
Colmenero (Dn Joseph)	Colmenero (Dn Joseph)
Coloma (Dn Carlos)	Coloma (Dn Carlos)
Colombet (Antonio)	Colombet (Antonio)
Colombier (Mr.)	Colombier (Mr.)
Colomesii (Pauli)	Colomesii (Pablo)
Colon (Dn Joseph Juan)	Colon (Dn Joseph Juan)
Colon y Larreategui (Dn Felix)	Colon y Larreategui (Dn Felix)
Colonia (P.)	Colonia (P.)
Colonia (P. Dominic.)	Colonia (P Dominic.)
Columbi (Christophori)	Columbi (Christophori)
Columella (L. Junius Moderatus)	Columella (L Junius Moderatus)
Columna (Hegidius)	Columna (Hegidius)
Columnae (Guidonis)	Columnae (Guidonis)
Comazzi (Gio Battista)	Comazzi (Gio Battista)
Combes (P. Francisco)	Combes (P Francisco)
Comestagio (Geronimo Franchi)	Comestagio (Geronimo Franchi)
Commandinus (Fridericus)	Commandinus (Fridericus)
Company (Fr. Joaquin)	Company (Fr Joaquin)
Compre (Mn.)	Compre (Mn.)
Concha (Paulus)	Concha (Pablo)
Conchillos (Dr. Joseph)	Conchillos (Dr Joseph)
Confalonexius (To. Baptist.)	Confalonexius (To Baptist.)
Connari (Francisci)	Connari (Francisco)
Connelly (P. F. Thomas)	Connelly (P F Tomás)
Conradi (Franc. Caroli)	Conradi (Franc Carlos)
Conradi (Jo.)	Conradi (Jo.)
Conradi Zahn (Balthasar)	Conradi Zahn (Balthasar)
Conradus (Brunus)	Conradus (Brunus)
Conringius (Hermannus)	Conringius (Hermannus)
Constant. (D. Petri)	Constant (D Pedro)
Constantini (Dr Joseph Ant.)	Constantini (Joseph Ant.)
Contaxemus (Gaspar)	Contaxemus (Gaspar)
Contaxemus (Vicentius)	Contaxemus (Vicentius)
Contaxenus (Thomas)	Contaxenus (Tomás)
Conteloxii (Felix)	Conteloxii (Felix)
Conti (D. Juan Bautista)	Conti (D Juan Bautista)
Contii (Antonio)	Contii (Antonio)
Contreras (Dr. Juan Simon)	Contreras (Dr Juan Simon)
Contzen (P. Adam)	Contzen (P Adam)
Corbera (Estevan de)	Corbera (Estevan de)
Cordova (Alphonsi a)	Cordova (Alphonsi a)
Cordova (Antonii)	Cordova (Antonio)
Corines (M. Philippe)	Corines (M Felipe)
Corines (Pedro)	Corines (Pedro)
Cornazano (D. Antonio)	Cornazano (D Antonio)
Cornejo (D. Andrés)	Cornejo (D Andrés)
Cornejo (D. Pedro)	Cornejo (D Pedro)
Cornelius (Ennius)	Cornelius (Ennius)
Cornella (D. Luciano)	Cornella (D Luciano)
Coronel (D. Diego Gutiérrez)	Coronel (D Diego Gutiérrez)
Cortada (D. Michaelis)	Cortada (D Miguel)
Cortavarría et Dárruiz (D. D. Fonati)	Cortavarría et Dárruiz (D D Fonati)
Cortereal (Gerónimo)	Cortereal (Gerónimo)
Cortes (D. Christobal)	Cortes (D Christobal)
Cortés del Rey (Fr. Bonifacio)	Cortés del (Fr Bonifacio)
Cortes (Gerónimo)	Cortes (Gerónimo)
Cortés (Hernan)	Cortés (Hernan)
Cortés (Martin)	Cortés (Martin)
Cortesius (Paulus)	Cortesius (Pablo)
Cortiada (D. Sebastian)	Cortiada (D Sebastian)
Cortines y Andrade (D.º Ramon)	Cortines y Andrade (º Ramon)
Corvalan (D.º Juan Lopez)	Corvalan (º Juan Lopez)
Coscius (Christophorus)	Coscius (Christophorus)
Coscoll y Alimona (D.º Joseph)	Coscoll y Alimona (º Joseph)
Costa (Emmanuelis)	Costa (Emmanuelis)
Costa (Jo.)	Costa (Jo.)
Costalii (Petri)	Costalii (Pedro)
Couleii (Abrahani)	Couleii (Abrahani)
Couto (Diego do)	Couto (Diego do)
Covarrubias (D. Joseph)	Covarrubias (D Joseph)
Covarrubias (D. Juan Horozco y)	Covarrubias (D Juan Horozco y)
Covarrubias (Illustrissimi D.D. Didaci a)	Covarrubias (Illustrissimi D Didaci a)
Coxachan (Joan Baptistae)	Coxachan (Joan Baptistae)
Coxadii (Sebastiani)	Coxadii (Sebastiani)
Coxal (Dn Gabriel)	Coxal (Dn Gabriel)
Coxal (F. Eugenio)	Coxal (F Eugenio)
Coxasius (Jo.)	Coxasius (Jo.)
Coxdexii (Atatuxini)	Coxdexii (Atatuxini)
Coxea (Dn Placido)	Coxea (Dn Placido)
Coxea (M. Gonzalo)	Coxea (M Gonzalo)
Coxini (Jo. Arnald)	Coxini (Jo Arnald)
Coxo (D. Didac)	Coxo (D Didac)
Coyen... (El Abate.)	Coyen (El Abate.)
Cozavi... (Jo)	Cozavi (Jo)
Craenius (Thomas)	Craenius (Tomás)
Cramerii (Jo Georgi)	Cramerii (Jo Georgi)
Crasso (Lorenzo)	Crasso (Lorenzo)
Cratopoli (J. Petri)	Cratopoli (J Pedro)
Crean (D. Eduardo)	Crean (D Eduardo)
Cresollii (Ludovici)	Cresollii (Luis)
Crespi de Saldanha (D. Christophori)	Crespi de Saldanha (D Christophori)
Cretieri (Jacobi)	Cretieri (Jacobo)
Crevier (M.)	Crevier (M.)
Crinitus (Petrus)	Crinitus (Pedro)
Crominii (Jo)	Crominii (Jo)
Crucio (dudovici)	Crucio (dudovici)
Cruz (Dn Felipe)	Cruz (Dn Felipe)
Cruz (J. Jeronimo de la)	Cruz (J Jeronimo de la)
Cuenca (D. Jo.)	Cuenca (D Jo.)
Cueva (Luis de la)	Cueva (Luis de la)
Cunalijs (Petri)	Cunalijs (Pedro)
Cunani (Raphaelis)	Cunani (Raphaelis)
Cunha (Ihm. D. Rodericus)	Cunha (Ihm D Rodericus)
Cunicke (Reinoldi)	Cunicke (Reinoldi)
Cupezi (Gubertin)	Cupezi (Gubertin)
Curiano (D. Luis)	Curiano (D Luis)
Curtelius (Maximus)	Curtelius (Maximus)
Curtii (Quinti)	Curtii (Quinti)
Cusa (Nicolai)	Cusa (Nicolás)
Cusacii (Jacobi)	Cusacii (Jacobo)
Custodio (D. Manuel)	Custodio (D Manuel)
D. Manuel Thesaurus (D. Manuel)	D Manuel Thesaurus (D Manuel)
Dacampo (Ct. Florian)	Dacampo (Ct Florian)
Dairnval (Mr. Baudelot de)	Dairnval (Mr Baudelot de)
Daitaring (Lamindus)	Daitaring (Lamindus)
Dalbi (Francisco)	Dalbi (Francisco)
Damasceni (Gregorii)	Damasceni (Gregorio)
Damer (Lamberti)	Damer (Lamberti)
Dancej. Candamo (Dn Fran.co Antonio)	Dancej Candamo (Dn Fran.co Antonio)
Danetii (Petri)	Danetii (Pedro)
Daniel (Jacobus)	Daniel (Jacobo)
Daniel (P. Gabriel)	Daniel (P Gabriel)
Dante (C.)	Dante (C.)
Danville (Chr.)	Danville (Chr.)
Darrantes (Pedro)	Darrantes (Pedro)
Dartis (Jo)	Dartis (Jo)
Datei (Georgi)	Datei (Georgi)
David (El Santo Rey)	David (El)
David (Le Sieur)	David (Le Sieur)
Davila (Alonso Juan)	Davila (Alonso Juan)
Davila (D. Sancho)	Davila (D Sancho)
Davila (Enrico Caterino)	Davila (Enrico Caterino)
Davila (Gil Gonzalez)	Davila (Gil Gonzalez)
Davila Oxen (D. Fran.)	Davila Oxen (D Fran.)
Davila, y Heredia (Andres)	Davila y Heredia (Andres)
Davila, y S. Pitorres (Jerónimo Juan)	Davila y S Pitorres (Jerónimo Juan)
Daza (J. Antonio)	Daza (J Antonio)
Daza y Dezio (D. D. Juan)	Daza y Dezio (D D Juan)
Decü... (Francisci)	Decü (Francisco)
Degni (C.°)	Degni (C.°)
Degniadelli (Fran. Antonii)	Degniadelli (Fran Antonio)
Delfii (Ponti Heuterii)	Delfii (Ponti Heuterii)
Delgado (Pedro Núñez)	Delgado (Pedro Núñez)
Delrio (Martini Antonii)	Delrio (Martini Antonio)
Deman (Mary. de)	Deman (Mary de)
Denche (Jelland)	Denche (Jelland)
Dering (P. Anselmi)	Dering (P Anselmi)
Derouii (Jo. Bernardi)	Derouii (Jo Bernardo)
Descartes (Renati)	Descartes (Renati)
Desoldo (Christophori)	Desoldo (Christophori)
Despauterii (Jo.)	Despauterii (Jo.)
Deuter (D. Pedro Ant.)	Deuter (D Pedro Ant.)
Devoti (Jo)	Devoti (Jo)
Deza (Lope de)	Deza (Lope de)
Diaconus (Paulus)	Diaconus (Pablo)
Diana (P. Antonini)	Diana (P Antonini)
Diar de Rico (illmus D. Io.)	Diar de Rico (illmus D Io.)
Diar (Duarte)	Diar (Duarte)
Diar (P. Elig.)	Diar (P Elig.)
Diar (Pazos)	Diar (Pazos)
Dicastillo (R. Elig. I.)	Dicastillo (R Elig I.)
Dijnkershoek (Corneli)	Dijnkershoek (Corneli)
Dilfingery (Georgius)	Dilfingery (Jorge)
Dillet (Dr Pedro Pablo)	Dillet (Pedro Pablo)
Dion Navarro (Andrea)	Dion Navarro (Andrea)
Disse (Jo)	Disse (Jo)
Disve, yvidal (Fructuoso)	Disve yvidal (Fructuoso)
Diticii Jo (Mercerii)	Diticii Jo (Mercerii)
Divo Paulo (S. Laurentii à)	Divo Paulo (S Laurentii à)
Doca negra (Ilmo Dn. Francisco Alessandro)	Doca negra (Dn Francisco Alessandro)
Docalim (Trasano)	Docalim (Trasano)
Docexy (Henrriquy)	Docexy (Henrriquy)
Docti (Achilly)	Docti (Achilly)
Dodin (Charley)	Dodin (Charley)
Dodini (Jo)	Dodini (Jo)
Dodleri (Jo Enxxii)	Dodleri (Jo Enxxii)
Dohetius (Antonius Stanley torquatus)	Dohetius (Antonio Stanley torquatus)
Dominguez (D. Josef Ignacio)	Dominguez (D Josef Ignacio)
Dominguez Vicente (D. Josef Maria)	Dominguez Vicente (D Josef Maria)
Don... (Raymundi De Dominio)	(Raymundi De Dominio)
Donati (Aelii)	Donati (Aelii)
Donnat. (cit.)	Donnat (cit.)
Donnerechi (Aldovico)	Donnerechi (Aldovico)
Dorma Delgado (Rodrigo)	Dorma Delgado (Rodrigo)
Dormer (D.D. Diego)	Dormer (D Diego)
Dragoneti (D. Tacinto)	Dragoneti (D Tacinto)
Draudio (cu. Gregorio)	Draudio (cu Gregorio)
Drusi (Jo.)	Drusi (Jo.)
Duchesne (R.P.)	Duchesne (R.P.)
Duck (Arthur)	Duck (Arthur)
Duenda (Petri)	Duenda (Pedro)
Duhamel (etr.)	Duhamel (etr.)
Dukeri (Carol. Andreae)	Dukeri (Carol Andreae)
Dumont et Rouet (Cll.)	Dumont et Rouet (Cll.)
Duperron (Card.)	Duperron (Card.)
Duppa (Mr.)	Duppa (Mr.)
Dupui (Mons.)	Dupui (Mons.)
Duran dela Rocha (P. André)	Duran dela Rocha (P André)
Durandi (Guillermi)	Durandi (Guillermi)
Duranti (Jo. Stephani)	Duranti (Jo Esteban)
Duret (M. Jean)	Duret (M Juan)
Duto (Fr. Bernardo)	Duto (Fr Bernardo)
Duto (Francisci)	Duto (Francisco)
Duviene (André)	Duviene (André)
Duyere (Juan ala)	Duyere (Juan ala)
Dyrcoli (Apolonii)	Dyrcoli (Apolonii)
Echalar (Jo.)	Echalar (Jo.)
Echard (Lauren)	Echard (Lauren)
Echard (P. F. Jacob)	Echard (P F Jacob)
Echarri (F. Francisco)	Echarri (F Francisco)
Echeverria (D. Juan Delarquez)	Echeverria (D Juan Delarquez)
Echeverz (F. Francisco c. Mlg.)	Echeverz (F Francisco c Mlg.)
Eckii (Jo.)	Eckii (Jo.)
Edenius (Borchartius)	Edenius (Borchartius)
Efferen (Guillelmi)	Efferen (Guillelmi)
Egiluz (Martin B.)	Egiluz (Martin B.)
Egnia (D. Felix)	Egnia (D Felix)
Eguiara et Eguren (D. Jo. Josephi)	Eguiara et Eguren (D Jo Josephi)
Eiphanius (Hubertus)	Eiphanius (Hubertus)
Eisenhart (D. Jo. Fridericus)	Eisenhart (D Jo Fridericus)
Eisenschmidius (Jo. Fasp.)	Eisenschmidius (Jo Fasp.)
Eiusd. (Antiarhetica de antiquis nummis Coloniarum)	Eiusd (Antiarhetica de antiquis nummis Coloniarum)
Eiusd. (Apologiae d’Homere)	Eiusd (Apologiae d’Homere)
Eiusd. (Collectio cuadrimo Conciliorum)	Eiusd (Collectio cuadrimo Conciliorum)
Eiusd. (Eiusdem)	Eiusd (Eiusdem)
Eiusd. (Hotmanus)	Eiusd (Hotmanus)
Eiusd. (opera Epistolarum)	Eiusd (opera Epistolarum)
Eiusd. (Opera Varia)	Eiusd (Opera Varia)
Eiusd. (Saxaemis)	Eiusd (Saxaemis)
Eiusdem (Henricus Brenomamus)	Eiusdem (Henricus Brenomamus)
Elisée (R.P. Sermon)	Elisée (R.P Sermon)
Elizondo (P. Francisco Pablo)	Elizondo (P Francisco Pablo)
Elzevirii (Danielis)	Elzevirii (Danielis)
Eminii (Xboni)	Eminii (Xboni)
Emmingius (Hermanus)	Emmingius (Hermanus)
Enaury Chantier (M.M.)	Enaury Chantier (M.M.)
Encina (Juan de la)	Encina (Juan de la)
Enciso (Martin Fern. de)	Enciso (Martin Fern de)
Engel (Samuelis)	Engel (Samuelis)
Engelhardi (Heyneri)	Engelhardi (Heyneri)
Enimerio (el Abate)	Enimerio (el Abate)
Enizzo (M. Sebastiano)	Enizzo (M Sebastiano)
Ennius (Quintus)	Ennius (Quintus)
Ennodius (Cithmi Magni Felia)	Ennodius (Cithmi Magni Felia)
Enríquez (D. Henrique)	Enríquez (D Henrique)
Eponis (Boetii)	Eponis (Boetii)
Erasmus (Desiderius)	Erasmus (Desiderius)
Ercano (D.º Ferdinandus)	Ercano (º Ferdinandus)
Ercolano Vid. Antichità Exithraei (Tani Vicii)	Ercolano Vid Antichità Exithraei (Tani Vicii)
Ernesti (Gerhardi)	Ernesti (Gerhardi)
Erpenii (Thomae)	Erpenii (Tomás)
Erquera (D. Joaquin)	Erquera (D Joaquin)
Ertanibusto (Guillermo)	Ertanibusto (Guillermo)
Erth. (Antonius Trichetius)	Erth (Antonio Trichetius)
Escalante (Bernardino)	Escalante (Bernardino)
Escalante (Lic. Ant.°)	Escalante (Lic Ant.°)
Escalante Lobatón y Cabrera (Thmo.)	Escalante Lobatón y Cabrera (Thmo.)
Escalera Puevara (D. Pedro)	Escalera Puevara (D Pedro)
Escalona (P. M. F. Romualdo)	Escalona (P M F Romualdo)
Escalzo y Clig (illmo. D. José)	Escalzo y Clig (illmo D José)
Eschembach (Andreae Christiani)	Eschembach (Andreae Christiani)
Escilla (D. Alonso)	Escilla (D Alonso)
Escobar (Ant.º)	Escobar (Ant.º)
Escobar Corro (D.º)	Escobar Corro (º)
Escobar (D.º Francisco)	Escobar (º Francisco)
Escobar (Juan de)	Escobar (Juan de)
Escolano (Lic. Gaytan)	Escolano (Lic Gaytan)
Espallanas (D.D. Juan)	Espallanas (D Juan)
Espejo (D.D. Bartholomaei)	Espejo (D Bartholomaei)
Espin. (Florenzo Angelo)	Espin (Florenzo Angelo)
Espinalt y Garcia (F. Bernardo)	Espinalt y Garcia (F Bernardo)
Espinan (Alonso Martinez)	Espinan (Alonso Martinez)
Espinel (Vicente)	Espinel (Vicente)
Espinosa (D. Pablo)	Espinosa (D Pablo)
Espinosa (F. Thomas)	Espinosa (F Tomás)
Espinosa (Juan de)	Espinosa (Juan de)
Espinosa (Nicolas)	Espinosa (Nicolas)
Espinosa (Pedro de)	Espinosa (Pedro de)
Espinosa y Arbo (D. Lucio Felix)	Espinosa y Arbo (D Lucio Felix)
Esquivel (Tian)	Esquivel (Tian)
Estella (Fr. Diego)	Estella (Fr Diego)
Estepa (Cllarque)	Estepa (Cllarque)
Estevan (P. Martin)	Estevan (P Martin)
Estienne (Henrre)	Estienne (Henrre)
Estofen (Gerard)	Estofen (Gerard)
Estoro (Jo. Georgii)	Estoro (Jo Jorge)
Estrada (F. Juan)	Estrada (F Juan)
Estrada (R.P. Franciano)	Estrada (R.P Franciano)
Ethenherd (D. Franc. Ant.)	Ethenherd (D Franc Ant.)
Eucanii (Eligii)	Eucanii (Eligii)
Examen de Hirschberga (Balthasari)	Examen de Hirschberga (Balthasari)
Exea (D. Luis)	Exea (D Luis)
Exxas (P. Carlo cfr.)	Exxas (P Carlo cfr.)
Eymenici (Nicolai)	Eymenici (Nicolás)
Fabiany, Ferr (Vt. D. Fran.)	Fabiany Ferr (Vt D Fran.)
Fabiotti (Carolus Anibali)	Fabiotti (Carlos Anibali)
Fabretius (Rafael)	Fabretius (Rafael)
Fabri (D. Iosef Antonio de)	Fabri (D Iosef Antonio de)
Fabri... (Petri)	Fabri (Pedro)
Fabrici (Jo. Alberti)	Fabrici (Jo Alberti)
Fabrius (D. D. Antonius)	Fabrius (D D Antonio)
Fabrius (Tanagully)	Fabrius (Tanagully)
Fabrum (Honoratus)	Fabrum (Honoratus)
Faccini (Gabriel)	Faccini (Gabriel)
Facciolati (Jacob)	Facciolati (Jacob)
Facius (Baxtholomeus)	Facius (Baxtholomeus)
Falconi (Jacobi)	Falconi (Jacobo)
Falisci (Enatii)	Falisci (Enatii)
Fallenberg (Dan)	Fallenberg (Dan)
Fanguei (Thomae)	Fanguei (Tomás)
Faret (de Sieur)	Faret (de Sieur)
Farfan (P. Fran.)	Farfan (P Fran.)
Fargna (Francisci de)	Fargna (Francisco de)
Faria y Sousa (Man. de)	Faria y Sousa (Man de)
Farinae (Jo. Franc.)	Farinae (Jo Franc.)
Farnabii (Thomae)	Farnabii (Tomás)
Fasselet du toc (Vicur)	Fasselet du toc (Vicur)
Faye (Jo. dela)	Faye (Jo dela)
Fberlinus (Georgius)	Fberlinus (Jorge)
Febronius (Justinus)	Febronius (Justinus)
Feithii... (Eberardi)	Feithii (Eberardi)
Felde... (Jo.)	Felde (Jo.)
Felicis... (M. Minucii Octavii)	Felicis (M Minucii Octavii)
Felipe (D. Bartholome)	Felipe (D Bartholome)
Felix dela Pena (P. Narciso)	Felix dela Pena (P Narciso)
Felix y Moral (D. Bartholomé Sánchez)	Felix y Moral (D Bartholomé Sánchez)
Felmany (Gerhardus)	Felmany (Gerhardus)
Feloaga (D. Francisco Antoniide)	Feloaga (D Francisco Antoniide)
Fenoriy (Joannis)	Fenoriy (Joannis)
Ferlande (Mr.)	Ferlande (Mr.)
Ferminio (M. Antonio)	Ferminio (M Antonio)
Fernan Nuñez (Conde de)	Fernan Nuñez
Fernandez (Alphonsi)	Fernandez (Alphonsi)
Fernandez Bellera (D. Thomas)	Fernandez Bellera (D Tomás)
Fernandez (D. Antonio Clar.)	Fernandez (D Antonio Clar.)
Fernandez (D. Ramon)	Fernandez (D Ramon)
Fernandez de Castro (D. Nicolás)	Fernandez de Castro (D Nicolás)
Fernandez de Cordova (Francisci)	Fernandez de Cordova (Francisco)
Fernandez de Heredia (D. Juan Francisco)	Fernandez de Heredia (D Juan Francisco)
Fernandez de Larrinaga (D. Raymundo)	Fernandez de Larrinaga (D Raymundo)
Fernandez de Mata (D. Benonimo)	Fernandez de Mata (D Benonimo)
Fernandez de Medrano (D. Sebastian)	Fernandez de Medrano (D Sebastian)
Fernandez de Velasco (D. Bernardino)	Fernandez de Velasco (D Bernardino)
Fernandez (Diego)	Fernandez (Diego)
Fernandez (Helo)	Fernandez (Helo)
Fernandez Matienzo (D. Isidro)	Fernandez Matienzo (D Isidro)
Fernandez Moreno (F. cting.)	Fernandez Moreno (F cting.)
Fernandez Pinto (Tact)	Fernandez Pinto (Tact)
Fernandez Placentini (P. Alfonsi)	Fernandez Placentini (P Alfonsi)
Fernandez Valcarcel (D. Vicente)	Fernandez Valcarcel (D Vicente)
Fernando (el Infante D.)	Fernando (el Infante D.)
Ferraniny (Francisco)	Ferraniny (Francisco)
Ferrarii (J. Joseph Antonii)	Ferrarii (J Joseph Antonio)
Ferrarii (P. Licii)	Ferrarii (P Licii)
Ferrarius (Guido)	Ferrarius (Guido)
Ferrer Maldonado (Lorenzo)	Ferrer Maldonado (Lorenzo)
Ferrer Parraiz (D. Vicente)	Ferrer Parraiz (D Vicente)
Ferrera (D. D. Juan)	Ferrera (D D Juan)
Ferreri (Julie)	Ferreri (Julie)
Ferreyra y Sampaio (Christoval)	Ferreyra y Sampaio (Christoval)
Ferro, Mannique (D. Michael)	Ferro Mannique (D Miguel)
Ferron (Jean le)	Ferron (Juan le)
Ficini (Marsili)	Ficini (Marsili)
Figreluy (Emmundus)	Figreluy (Emmundus)
Figueiredo (Manuel)	Figueiredo (Manuel)
Figueroa (Christoval Diaz)	Figueroa (Christoval Diaz)
Figueroa (D. Franc.)	Figueroa (D Franc.)
Figueroa (D. Joseph Juanes)	Figueroa (D Joseph Juanes)
Figueroa (D. Juan Olano)	Figueroa (D Juan Olano)
Figueroa (F. Pedro)	Figueroa (F Pedro)
Filangieri (Gaetano)	Filangieri (Gaetano)
Fines trias (Joseph)	Fines trias (Joseph)
Finetray (Jo. Francisci)	Finetray (Jo Francisco)
Firmiani (Petri)	Firmiani (Pedro)
Firmianus (Sactantius)	Firmianus (Sactantius)
Firrufino (Julio Cesar)	Firrufino (Julio Cesar)
Fitio (Sottilis. Gerhard)	Fitio (Sottilis Gerhard)
Flacci (Auli Persii)	Flacci (Auli Persii)
Flacci (C. Valerii)	Flacci (C Valerii)
Flacci (Q. Horatii)	Flacci (Q Horatii)
Flacoy (M. Berry)	Flacoy (M Berry)
Flaminii (M. Antonii)	Flaminii (M Antonio)
Flechier (M. Esprit)	Flechier (M Esprit)
Fleury (M. l'Abbé)	Fleury (M l'Abbé)
Floré (C. Ann.)	Floré (C Ann.)
Florentij (Francisci)	Florentij (Francisco)
Flores (D. Joseph)	Flores (D Joseph)
Florez (D. Lazaro)	Florez (D Lazaro)
Florez de Ocaña (D. Juan)	Florez de Ocaña (D Juan)
Florez (M. F. Enrique)	Florez (M F Enrique)
Focnutii (D. Lazarus)	Focnutii (D Lazarus)
Foix (M. Paul.)	Foix (M Paul.)
Folceta (Bertuy)	Folceta (Bertuy)
Folch (P. Antonio Ramon)	Folch (P Antonio Ramon)
Folcii (Laurentii Eximialii)	Folcii (Laurentii Eximialii)
Fons (Petri)	Fons (Pedro)
Fonseca (P.F. Bartholomei)	Fonseca (F Bartholomei)
Fontaine (Juan de la)	Fontaine (Juan de la)
Fontaine (Louis)	Fontaine (Luis)
Fontanella (Girolamo)	Fontanella (Girolamo)
Fontani (Francisci)	Fontani (Francisco)
Fontanini (Tuti)	Fontanini (Tuti)
Fontdonii (Petri)	Fontdonii (Pedro)
Fontenay (Valens)	Fontenay (Valens)
Fontenelle (Cl. de)	Fontenelle (Cl de)
Forner (D. Juan Pablo)	Forner (D Juan Pablo)
Forney (Cln.)	Forney (Cln.)
Forrubia (L. Fr. Josef)	Forrubia (L Fr Josef)
Fournier (Georgii)	Fournier (Jorge)
Fourtneri (Christophori)	Fourtneri (Christophori)
Foxlei (Abrahami)	Foxlei (Abrahami)
Frachetta (Girolamo di il Principe)	Frachetta (Girolamo di il)
Frajal (El Conde de)	Frajal (El de)
Franchenau (Gerardi Erneri)	Franchenau (Gerardi Erneri)
Franchil (Jo. Andronici)	Franchil (Jo Andronici)
Francimini (Laurenti)	Francimini (Laurenti)
Franck de Franchenau (D. Georgii)	Franck de Franchenau (D Jorge)
Franco (D. Petrus)	Franco (D Pedro)
Francofurt. (D. Arnoldo)	Francofurt (D Arnoldo)
Francois (M. l'Abbé Ant.)	Francois (M l'Abbé Ant.)
Frannerus (Covia)	Frannerus (Covia)
Frantii (Jo. Joachimi)	Frantii (Jo Joachimi)
Frantii (Petri)	Frantii (Pedro)
Freherus (Marquardus)	Freherus (Marquardus)
Freimonii (Jo. Wolfgan.)	Freimonii (Jo Wolfgan.)
Frein (Jo.)	Frein (Jo.)
Freinsheimius (Jo.)	Freinsheimius (Jo.)
Freschot (D. Carimino)	Freschot (D Carimino)
Freyne (D. Ant.)	Freyne (D Ant.)
Friar Gonzalez (D. Alonso de)	Friar Gonzalez (D Alonso de)
Froidour (Mx. de)	Froidour (Mx de)
Froylan (P. citrio)	Froylan (P citrio)
Fuchsius (Leonardus)	Fuchsius (Leonardus)
Fuensalida (D. Antonio)	Fuensalida (D Antonio)
Fuentes (Alonso)	Fuentes (Alonso)
Fuentes (Franciscus)	Fuentes (Francisco)
Funeius (Jo. Nicolai)	Funeius (Jo Nicolás)
Fungeni (Jo.)	Fungeni (Jo.)
Furckmann (D. Jo. Hermanni)	Furckmann (D Jo Hermanni)
Fürstenberg (Ferdinandi)	Fürstenberg (Ferdinandi)
Fusci (D. Pauli)	Fusci (D Pablo)
Futerenius (Caesarinus)	Futerenius (Caesarinus)
Gaguinus (Robertus)	Gaguinus (Robertus)
Gainza (D. Fran. X.)	Gainza (D Fran X.)
Galcaro (Capela)	Galcaro (Capela)
Galiano (F. Fran.)	Galiano (F Fran.)
Galilaei (Galilaei)	Galilaei (Galilaei)
Gallandius (Petrus)	Gallandius (Pedro)
Gallemart (Jo. c. frima dverione)	Gallemart (Jo c frima dverione)
Gallouin (ettr.)	Gallouin (ettr.)
Galucio (Juan Pablo)	Galucio (Juan Pablo)
Galvao (Duarte)	Galvao (Duarte)
Gambacuta (Petruus)	Gambacuta (Petruus)
Gámez (D. Juan)	Gámez (D Juan)
Gancey (F. Francisco)	Gancey (F Francisco)
Gancon (Thoma)	Gancon (Thoma)
Gandara (F. Felipe de la)	Gandara (F Felipe de la)
Ganibay (Estevan C.)	Ganibay (Estevan C.)
Ganimberto (Ettmo. D. Jeronimo)	Ganimberto (Ettmo D Jeronimo)
Ganzonius (Hyeronimus)	Ganzonius (Hyeronimus)
Garcia... (Carlos)	Garcia (Carlos)
Garcia... (D. Cayetano)	Garcia (D Cayetano)
Garcia (D. Saturnino)	Garcia (D Saturnino)
Garcia de Molina (D. Andres)	Garcia de Molina (D Andres)
Garcia de Oballa (D. Arturo)	Garcia de Oballa (D Arturo)
Garcia... (Fortunii)	Garcia (Fortunii)
Garcia... (Jo.)	Garcia (Jo.)
Garcia Malo (D. Ignacio)	Garcia Malo (D Ignacio)
Garcia... (P.F. Fran.)	Garcia (F Fran.)
Garcia... (P.F. Gregorio)	Garcia (F Gregorio)
Garcia... (Vincentii Polanii)	Garcia (Vincentii Polanii)
Garena (El Sr. D. Bela)	Garena (El Sr D Bela)
Garma (D. Fran. Xabier)	Garma (D Fran Xabier)
Garma (D. Josef)	Garma (D Josef)
Garno (D. Diego Juan)	Garno (D Diego Juan)
Garola (D. Josep Euturiasmo Medico)	Garola (D Josep Euturiasmo Medico)
Garrido (El P. Mtro.)	Garrido (El P Mtro.)
Garsault (Mr.)	Garsault (Mr.)
Gasco y Espinosa (P. Gabriel de)	Gasco y Espinosa (P Gabriel de)
Gaudenius (Paganus)	Gaudenius (Paganus)
Gautruche (P. Pedro)	Gautruche (P Pedro)
Gavini (F. Josephi)	Gavini (F Josephi)
Gazae (Theodori)	Gazae (Theodori)
Gazzo (Signo Stefano)	Gazzo (Signo Stefano)
Gebavenii (Georgii Christiani)	Gebavenii (Jorge Christiani)
Gee (Mr. Joshua)	Gee (Mr Joshua)
Geijl (D. Andreae)	Geijl (D Andreae)
Gelii (Auli)	Gelii (Auli)
Gellent. (Mr.)	Gellent (Mr.)
Gendil. (R.P.)	Gendil (R.P.)
Gendre. (Mr. Louis)	Gendre (Mr Luis)
Genebraldi (Silvestri)	Genebraldi (Silvestri)
Genoa (D. Nicolai & Parentibus)	Genoa (D Nicolás & Parentibus)
Gentilis (Madama de)	Gentilis (Madama de)
Gentilis. (Virgilio)	Gentilis (Virgilio)
Gentiliv (Albericus)	Gentiliv (Albericus)
Georgii ... (F. Augustini Antonii)	Jorge (F Agustín Antonio)
Georgii ... (Jo. Tridenici)	Jorge (Jo Tridenici)
Geraldini ... (Antonii)	Geraldini (Antonio)
Geraldus ... (Joanis)	Geraldus (Joanis)
Gerardi ... (Perni)	Gerardi (Perni)
Gerardo ... (N.)	Gerardo (N.)
Germeño (C.)	Germeño (C.)
Gernandensis (Episcopi)	Gernandensis (Episcopi)
Gerronii (Anastasii)	Gerronii (Anastasii)
Gerronis (T.)	Gerronis (T.)
Gervoldius (Christophorus)	Gervoldius (Christophorus)
Giammaria (il conte)	Giammaria (il conte)
Gibert (Jo. Petri)	Gibert (Jo Pedro)
Giciano (Martin)	Giciano (Martin)
Gil (D. Fran.)	Gil (D Fran.)
Gil de Piña (D. Genorimo)	Gil de Piña (D Genorimo)
Gil Polo (Gayar)	Gil Polo (Gayar)
Gilabert (D. Fran.)	Gilabert (D Fran.)
Gilibius (Petrius)	Gilibius (Petrius)
Gilleyi (Jo.)	Gilleyi (Jo.)
Ginon (P. Franciscus)	Ginon (P Francisco)
Giovani (P. Juan)	Giovani (P Juan)
Girard (Bernard de)	Girard (Bernard de)
Giraud (J.B.)	Giraud (J.B.)
Giron (P.F. Juan)	Giron (F Juan)
Gironda (D. Garcia)	Gironda (D Garcia)
Gisbenti (P. F.)	Gisbenti (P F.)
Gitaldo (P. Josef Ant.)	Gitaldo (P Josef Ant.)
Gitthio (Andrea Giuseppe)	Gitthio (Andrea Giuseppe)
Glancani (Henrici)	Glancani (Henrici)
Glaserii (Philippi)	Glaserii (Felipe)
Gleichi (Jo. Andreae)	Gleichi (Jo Andreae)
Gnevi (Jo. Georgii)	Gnevi (Jo Jorge)
Godofredus (Petrius)	Godofredus (Petrius)
Goerii... (Willermi)	Goerii (Willermi)
Goes. (Damianus)	Goes (Damianus)
Goezius... (Mr. Zachariae)	Goezius (Mr Zachariae)
Goienche (D. Francisco)	Goienche (D Francisco)
Goltzii... (Huberti)	Goltzii (Huberti)
Gómez (Alvani)	Gómez (Alvani)
Gomez Arias (D. Ferdinandus)	Gomez Arias (D Ferdinandus)
Gomez Bravo (D. Juan)	Gomez Bravo (D Juan)
Gomez de Fexan (DD. Juan)	Gomez de Fexan (DD Juan)
Gomez dela Cruz (F. Joseph)	Gomez dela Cruz (F Joseph)
Gomez... Miede (Bernardini)	Gomez Miede (Bernardini)
Gonchei (Ricardi)	Gonchei (Ricardi)
González (Alonso)	González (Alonso)
Gonzalez, B. (S. Thomas)	Gonzalez B (S Tomás)
Gonzalez Castillo (Mtro. D. Pedro)	Gonzalez Castillo (Mtro D Pedro)
Gonzalez Cavallero (D. José)	Gonzalez Cavallero (D José)
González Cid Suárez (D. To. Francisci)	González Cid Suárez (D To Francisco)
González (D. Ant.)	González (D Ant.)
Gonzalez (D. Juan Francisco)	Gonzalez (D Juan Francisco)
Gonzalez (D. Santo Diez)	Gonzalez (D Diez)
Gonzalez Davila (Silvio)	Gonzalez Davila (Silvio)
Gonzalez de la Torre (Juan)	Gonzalez de la Torre (Juan)
Gonzalez de Texada (D. José)	Gonzalez de Texada (D José)
González de Valdés (Don Juan Antonio)	González de Valdés (Juan Antonio)
Gonzalez et Vinty (M. Emmanuel)	Gonzalez et Vinty (M Emmanuel)
Gonzalez (L. thirii)	Gonzalez (L thirii)
González Pisador (D. Agustín)	González Pisador (D Agustín)
González Teller (D. Emmanuelis)	González Teller (D Emmanuelis)
Gorcani (Antonii)	Gorcani (Antonio)
Gordonii (Bernardi)	Gordonii (Bernardo)
Gothofredi (Dionisii)	Gothofredi (Dionisii)
Gothofredi (Jacobi)	Gothofredi (Jacobo)
Gottlieb (Christianus)	Gottlieb (Christianus)
Gouchat (Mr. L'Abbe)	Gouchat (Mr L'Abbe)
Grabadus (Mathaeus)	Grabadus (Mathaeus)
Gracian (Diego)	Gracian (Diego)
Gracian (Lorenzo)	Gracian (Lorenzo)
Gracian (To.)	Gracian (To.)
Graevii (Jo. Georgii)	Graevii (Jo Jorge)
Gramondi (Gabrielis)	Gramondi (Gabrielis)
Granada (Fr. Luis)	Granada (Fr Luis)
Granbaca (Francisci)	Granbaca (Francisco)
Grand (Ant. le)	Grand (Ant le)
Grandmaison (Cl. Vénard de)	Grandmaison (Cl Vénard de)
Grassvinckeli (Theodori)	Grassvinckeli (Theodori)
Gratiani (Jacobi)	Gratiani (Jacobo)
Graveand (G.T.)	Graveand (G.T.)
Graveton (Ignatii Hiacinti)	Graveton (Ignatii Hiacinti)
Gravinæ (Vincentii)	Gravinæ (Vincentii)
Gregorae (Nicephori)	Gregorae (Nicephori)
Greneck (Adami Josephi)	Greneck (Adami Josephi)
Grenville (Cux)	Grenville (Cux)
Grepius (Stanislau)	Grepius (Stanislau)
Greven (Bernardi)	Greven (Bernardo)
Gribneri (Ericaeli Henrici)	Gribneri (Ericaeli Henrici)
Grifel (el P.)	Grifel (el P.)
Grison (Federico)	Grison (Federico)
Gronovii (Jacobi)	Gronovii (Jacobo)
Gronovii (Jo. Friderici)	Gronovii (Jo Friderici)
Grotii (Hugonis)	Grotii (Hugonis)
Gruchius (Nicolaus)	Gruchius (Nicolás)
Grueri.. (Jo.)	Grueri (Jo.)
Grylli (Jo.)	Grylli (Jo.)
Gryphii (Christiani)	Gryphii (Christiani)
Guadalaxara (F. Maneg.)	Guadalaxara (F Maneg.)
Guagnino (Alessandro)	Guagnino (Alessandro)
Gualtheri (Georgi)	Gualtheri (Georgi)
Guardiola (F. Juan)	Guardiola (F Juan)
Guardiola y Saer (D. Lorenzo)	Guardiola y Saer (D Lorenzo)
Guarnas (Andreae)	Guarnas (Andreae)
Gudiel (D. Gerónimo)	Gudiel (D Gerónimo)
Guemer de la Mora (D. Bernardino)	Guemer de la Mora (D Bernardino)
Guerrerius (Alfonso)	Guerrerius (Alfonso)
Guerrero (Hmo. P. Pedro)	Guerrero (Hmo P Pedro)
Guerrero (Nicolás Antonio)	Guerrero (Nicolás Antonio)
Guevara (D. Antonio)	Guevara (D Antonio)
Guevara (D.° Jeronimo)	Guevara (D.° Jeronimo)
Guevara (H. D. Ant.º)	Guevara (H D Ant.º)
Guevara (Juan Beltran)	Guevara (Juan Beltran)
Guevara (P. Didaci)	Guevara (P Didaci)
Guevara (Petrius Deleyus)	Guevara (Petrius Deleyus)
Guexxa (Francisco)	Guexxa (Francisco)
Guexxa y Villegas (D. José Alfonso &)	Guexxa y Villegas (D José Alfonso &)
Guibert.. (Conde de)	Guibert
Guicciardino (D.° Francisco)	Guicciardino (D.° Francisco)
Guidici (Cesare)	Guidici (Cesare)
Guilieni (To.)	Guilieni (To.)
Guillant (Mr.)	Guillant (Mr.)
Guimerius (Amadeus)	Guimerius (Amadeus)
Guineti (Francisci)	Guineti (Francisco)
Gumilla (P. José)	Gumilla (P José)
Gundlingii (Nicolai Hieronimi)	Gundlingii (Nicolás Hieronimi)
Gurrea (Diego)	Gurrea (Diego)
Gurreme (D. Thomae Andreae)	Gurreme (D Tomás Andreae)
Guterius (Jacoby)	Guterius (Jacoby)
Gutiérrez (Albano)	Gutiérrez (Albano)
Gutiérrez Bravo (D. Patricio)	Gutiérrez Bravo (D Patricio)
Gutiérrez (D. Diego)	Gutiérrez (D Diego)
Gutiérrez (D. Jo.)	Gutiérrez (D Jo.)
Gutiérrez de Rubalcaba (D. José)	Gutiérrez de Rubalcaba (D José)
Gutiérrez del Río (d. Gaspar)	Gutiérrez del Río (d Gaspar)
Gutierrez (V.)	Gutierrez (V.)
Guyeti (Francisci)	Guyeti (Francisco)
Guzmán (D. Alphonso)	Guzmán (D Alphonso)
Guzmán (D. Heieronimi)	Guzmán (D Heieronimi)
Guzmán (El P. Pedro)	Guzmán (El P Pedro)
Guzmán (Fernan Perez de Guzmán)	Guzmán (Fernan Perez de Guzmán)
Guzmán (Florento)	Guzmán (Florento)
Guzmán (Franc.)	Guzmán (Franc.)
Guzmán (Juan de)	Guzmán (Juan de)
Gyllenborg (Gustavo Adolfo)	Gyllenborg (Gustavo Adolfo)
Gyraldi (Lilii Gregorii)	Gyraldi (Lilii Gregorio)
Haedo (Davidis)	Haedo (Davidis)
Haedui (Jo. Zuintini)	Haedui (Jo Zuintini)
Haenovte (Arnoldy ab.)	Haenovte (Arnoldy ab.)
Hagemeier (Toachimy)	Hagemeier (Toachimy)
Haier (P. Hubert.)	Haier (P Hubert.)
Halicarnnaei (J. Pumirii)	Halicarnnaei (J Pumirii)
Haller (P. Juan)	Haller (P Juan)
Hammerius (Jo. Baptista)	Hammerius (Jo Baptista)
Hanaco (Jacobus)	Hanaco (Jacobo)
Hankius (Mantinius)	Hankius (Mantinius)
Harduinus (Jo.)	Harduinus (Jo.)
Harmenii (Haitonii)	Harmenii (Haitonii)
Haro (F. Damian)	Haro (F Damian)
Hausotteri (Christian)	Hausotteri (Christian)
Haym... (Nicolai Francisci)	Haym (Nicolás Francisco)
Hebrea (F. Jusef Ant.)	Hebrea (F Jusef Ant.)
Hedinguer (To.)	Hedinguer (To.)
Hedouville (Chr.)	Hedouville (Chr.)
Hegeniti... (Gothus)	Hegeniti (Gothus)
Heineccii (Jo. Gottl.)	Heineccii (Jo Gottl.)
Heineccius (Joh. Michael)	Heineccius (Joh Miguel)
Heinsius (Daniel)	Heinsius (Daniel)
Heleni (Politani)	Heleni (Politani)
Helfrichius (Sigismundus)	Helfrichius (Sigismundus)
Hellot (M.)	Hellot (M.)
Helt Frisio (Hugon)	Helt Frisio (Hugon)
Helvici (D. Christophori)	Helvici (D Christophori)
Hemelarii (Jo.)	Hemelarii (Jo.)
Hemeraeus (Claudius)	Hemeraeus (Claudius)
Heminger (Henrici)	Heminger (Henrici)
Hemsterdamii (Alardy)	Hemsterdamii (Alardy)
Henao et Colon (D. Bartholomaei)	Henao et Colon (D Bartholomaei)
Henao (P. Gabriel)	Henao (P Gabriel)
Henelius (Nicolaus)	Henelius (Nicolás)
Henestrosa (D. Jo. Ferdinandus)	Henestrosa (D Jo Ferdinandus)
Henninger (Chr. Hyeronimi)	Henninger (Chr Hyeronimi)
Hennnit (Otonis)	Hennnit (Otonis)
Henrici (Jo)	Henrici (Jo)
Henrii (Jo. Nicolai)	Henrii (Jo Nicolás)
Henriques (D. Fadrique Almirante de Castilla)	Henriques (D Fadrique Almirante de Castilla)
Henriques, D. Gabriel (D. Dio. Affonso)	Henriques D Gabriel (D Dio Affonso)
Henriques Ferreyra (Josef)	Henriques Ferreyra (Josef)
Hera (Balentin)	Hera (Balentin)
Heredia (D. Alonso)	Heredia (D Alonso)
Heredia (D.° Diego Nicolás)	Heredia (D.° Diego Nicolás)
Heredia (Fran. Fern.)	Heredia (Fran Fern.)
Herenthalemi (et magni)	Herenthalemi (et magni)
Hericourt (Jean-Louis)	Hericourt (Juan-Luis)
Heringii (Jo.)	Heringii (Jo.)
Hermani (Jo.)	Hermani (Jo.)
Hermej (Hermannio)	Hermej (Hermannio)
Hermeni (Jo.)	Hermeni (Jo.)
Hermosilla (D. D. Gasparus)	Hermosilla (D D Gasparus)
Hernandez (Francisci)	Hernandez (Francisco)
Hernandez Oviedo (Gonzalo)	Hernandez Oviedo (Gonzalo)
Hernandez (P. Franc. Xabier)	Hernandez (P Franc Xabier)
Herrera (Alonso)	Herrera (Alonso)
Herrera (Christoval Perez)	Herrera (Christoval Perez)
Herrera (D. Antonio María)	Herrera (D Antonio María)
Herrera (D. Francisco)	Herrera (D Francisco)
Herrera (D. Francisco Manuel)	Herrera (D Francisco Manuel)
Herrera (D.D. Alejandro)	Herrera (D Alejandro)
Herrera (Dn. Bernardino)	Herrera (Dn Bernardino)
Herrera (Dr. Antonio)	Herrera (Dr Antonio)
Herrera (Enrique)	Herrera (Enrique)
Herrera (F. Thomas B.)	Herrera (F Tomás B.)
Herrera (F.D. Francisco)	Herrera (F.D Francisco)
Herrera (Femino)	Herrera (Femino)
Herrera (Ferdinandus)	Herrera (Ferdinandus)
Herrera (Hermano D. Pedro)	Herrera (Hermano D Pedro)
Herrera (Luis Alfonso)	Herrera (Luis Alfonso)
Herrera (P. Agustin)	Herrera (P Agustin)
Herrera (P. Juan)	Herrera (P Juan)
Herteno (P.D. Benito)	Herteno (D Benito)
Herweti (Aurelii Gentianus)	Herweti (Aurelii Gentianus)
Herze (P. Manc.)	Herze (P Manc.)
Hewmani (Christophori Augusti)	Hewmani (Christophori Augusti)
Hibernici (Thomae)	Hibernici (Tomás)
Hidalgo (Juan)	Hidalgo (Juan)
Hill (Nicolai)	Hill (Nicolás)
Hirsch (Jo.)	Hirsch (Jo.)
Histemberg (Joachimi)	Histemberg (Joachimi)
Hobbes (Thomas)	Hobbes (Tomás)
Hoenerii (Philipp. Henr.)	Hoenerii (Philipp Henr.)
Hoepingkii (Theodori)	Hoepingkii (Theodori)
Hoffmanni (Christ. Gdof.)	Hoffmanni (Christ Gdof.)
Holcandri (Fred.)	Holcandri (Fred.)
Hombergk (To. Fridericus)	Hombergk (To Fridericus)
Homelius (Carolus Ferdin.)	Homelius (Carlos Ferdin.)
Honcala (Antonii)	Honcala (Antonio)
Hondt (Abrahami)	Hondt (Abrahami)
Hoppii (Joachimi)	Hoppii (Joachimi)
Horati (Quinti Hac.)	Horati (Quinti Hac.)
Horatius (Georgii)	Horatius (Jorge)
Horne (cux)	Horne (cux)
Hornii (J. F.)	Hornii (J F.)
Horozco y Ceballos (D. Juan)	Horozco y Ceballos (D Juan)
Hortegas (D. Casimiro)	Hortegas (D Casimiro)
Hoschii (Sydonii)	Hoschii (Sydonii)
Hospitalii (Micaelis)	Hospitalii (Micaelis)
Hotmanus (Franciscus)	Hotmanus (Francisco)
Hourraie (Amelot de la)	Hourraie (Amelot de la)
Huarte (Juan)	Huarte (Juan)
Hubeni (Vnici)	Hubeni (Vnici)
Hubner (Joh.)	Hubner (Joh.)
Huerta (D. Vic. García de la)	Huerta (D Vic García de la)
Huerta (Fr. Anselmo)	Huerta (Fr Anselmo)
Huerta (Lic. Eronimo)	Huerta (Lic Eronimo)
Huerta y Vega (Dr. Francisco Xavier)	Huerta y Vega (Dr Francisco Xavier)
Hulsius (Levinus)	Hulsius (Levinus)
Humada (Dominicus Bartholom.)	Humada (Dominicus Bartholom.)
Hume (Mr. David)	Hume (Mr David)
Hurtado (D. Pedro)	Hurtado (D Pedro)
Hurtado de Mendoza (D. Ant.°)	Hurtado de Mendoza (D Ant.°)
Hurtado (Gaspar)	Hurtado (Gaspar)
Hurtado (Thomas)	Hurtado (Tomás)
Hygini (Cajii Iulii)	Hygini (Cajii Iulii)
Ianez Tassendo (D. Didacus)	Ianez Tassendo (D Didacus)
Ibáñez (D. Gaspar)	Ibáñez (D Gaspar)
Ibáñez de Segovia (D. Gaspar)	Ibáñez de Segovia (D Gaspar)
Ibáñez Riva (Exmo. Señor D. Antonio)	Ibáñez Riva (D Antonio)
Imhof (Joa Hexonimi)	Imhof (Joa Hexonimi)
Imperialis (D. To.)	Imperialis (D To.)
Indice Christiani (Gottlieb)	Indice Christiani (Gottlieb)
Ininitii (Vincentii)	Ininitii (Vincentii)
Innocentius (III Sum. Pontif.)	Innocentius (III Sum Pontif.)
Ivonius (Episcopi Iarnutensis)	Ivonius (Episcopi Iarnutensis)
Jacob. (P. Lovid.)	Jacob (P Lovid.)
Jacobi. (Ferdinandi)	Jacobo (Ferdinandi)
Jacquier. (Fr. Franc.)	Jacquier (Fr Franc.)
Jägeri. (Fr.)	Jägeri (Fr.)
Jamanií (Iosephi Aurelii)	Jamanií (Iosephi Aurelii)
Jamin. (P.D. Nicolás)	Jamin (D Nicolás)
Jansorii (Theodori)	Jansorii (Theodori)
Jarava (Juan)	Jarava (Juan)
Jauchii (Sigism. Reich)	Jauchii (Sigism Reich)
Jchonnovii (Florentii)	Jchonnovii (Florentii)
Jenichen. (Golt. Augusti)	Jenichen (Golt Augusti)
Jensii (Jo.)	Jensii (Jo.)
Jesu et Maria (Fr. Agustin de)	Jesu et Maria (Fr Agustin de)
Jesu et Maria (Jo. a.)	Jesu et Maria (Jo a.)
Jiron (D.D. Martin)	Jiron (D Martin)
Joinville (Jean)	Joinville (Juan)
Josephi Judaei (Flavii)	Josephi Judaei (Flavii)
Jove y Muñoz (D. Juan de)	Jove y Muñoz (D Juan de)
Joven (Francisco)	Joven (Francisco)
Jover Alcazar (D. Blas)	Jover Alcazar (D Blas)
Juan (D. Jorge)	Juan (D Jorge)
Juan Manuel (El Conde, Príncipe D.)	Juan Manuel (El Príncipe D.)
Juglarius (Aloysii)	Juglarius (Aloysii)
Junco (D. Pedro de)	Junco (D Pedro de)
Juni (Adriani)	Juni (Adriani)
Juniei (Petri)	Juniei (Pedro)
Junii (Melchioris)	Junii (Melchioris)
Junior (Hieronimi)	Junior (Hieronimi)
Junquius (F. Henr.)	Junquius (F Henr.)
Junycheni (Melchioris)	Junycheni (Melchioris)
Justelli (Hemani)	Justelli (Hemani)
Justiniani (Imperatoris)	Justiniani (Imperatoris)
Kaeretii (Jacobi)	Kaeretii (Jacobo)
Kauffmann (Jo. Josephi)	Kauffmann (Jo Josephi)
Keckermann (Bartholomaei)	Keckermann (Bartholomaei)
Keer (Jo. Georgi)	Keer (Jo Georgi)
Kelleni (Adami)	Kelleni (Adami)
Kemmerich (Hermani)	Kemmerich (Hermani)
Kestneri (c. Suillichmi)	Kestneri (c Suillichmi)
Kinckmannus (Hermannus)	Kinckmannus (Hermannus)
Kinckmannus (Jo.)	Kinckmannus (Jo.)
Kippingii (Henrici)	Kippingii (Henrici)
Kippingii (Jo.)	Kippingii (Jo.)
Kircheri (Athanasii)	Kircheri (Athanasii)
Kleckii (Jani)	Kleckii (Jani)
Knesebeck (Christian)	Knesebeck (Christian)
Koch (Henrici Andreae)	Koch (Henrici Andreae)
Koecherus (Jo. Christophorus)	Koecherus (Jo Christophorus)
Koehler (Henrici)	Koehler (Henrici)
Koelens (Jo. Davidis)	Koelens (Jo Davidis)
Kolbe (P. Gregorii)	Kolbe (P Gregorio)
Konigii (Georgii Guathiae)	Konigii (Jorge Guathiae)
Kopp (Jo. Adamus)	Kopp (Jo Adamus)
Kornmann (Henrici)	Kornmann (Henrici)
Kortholt. (Christianus)	Kortholt (Christianus)
Kraus. (Jo.)	Kraus (Jo.)
La Cerda ()	La Cerda
La Combe (Otr.)	La Combe (Otr.)
La Vallexa (El Cavallero &)	La Vallexa (El Cavallero &)
Labbe (S. Philippi)	Labbe (S Felipe)
Laertius (Diogenes)	Laertius (Diogenes)
Laet... (Jo. de)	Laet (Jo de)
Lagarni (P. Aegidii)	Lagarni (P Aegidii)
Lagrenii (Petri)	Lagrenii (Pedro)
Laguna (D. Juan)	Laguna (D Juan)
Lalingenii (Marcelli)	Lalingenii (Marcelli)
Lama (Clutio)	Lama (Clutio)
Lamazares (D. Thomás)	Lamazares (D Thomás)
Lamberti (Cler. S.)	Lamberti (Cler S.)
Lamberto (P.F.)	Lamberto (F.)
Lampadis (Iacobi)	Lampadis (Iacobi)
Lamy (P. Bernardini)	Lamy (P Bernardini)
Lancellotti (T. Paul.)	Lancellotti (T Paul.)
Lancillotti (T. Secundo)	Lancillotti (T Secundo)
Lancina (D. Juan)	Lancina (D Juan)
Landazuri y Romanate (D. Joaquin)	Landazuri y Romanate (D Joaquin)
Languer (iltmo. D. Juan Josep)	Languer (iltmo D Juan Josep)
Lanuza. (D. D. Vicente Blasco)	Lanuza (D D Vicente Blasco)
Lapide. (Hippolitus)	Lapide (Hippolitus)
Lapino. (Annamarchio)	Lapino (Annamarchio)
Lapitau (Mmo.)	Lapitau (Mmo.)
Lara. (D. Gaspar Agustin)	Lara (D Gaspar Agustin)
Largunero (D. Mathiae)	Largunero (D Mathiae)
Lascaris (Constantini)	Lascaris (Constantini)
Lasiarte (D. Vicente)	Lasiarte (D Vicente)
Laso de la Vega (Gabriel)	Laso de la Vega (Gabriel)
Lassarte et Molina (Ignatius)	Lassarte et Molina (Ignatius)
Latini (Latini)	Latini (Latini)
Latini (To.)	Latini (To.)
Laubusseil (Pierre de)	Laubusseil (Pedro de)
Laureti (Hieronimi)	Laureti (Hieronimi)
Lavanhá (João)	Lavanhá (João)
Lavanhá (Juan Bautista)	Lavanhá (Juan Bautista)
Lavarte (D. Vicente)	Lavarte (D Vicente)
Laxizabal y Sribé (D. Cruz)	Laxizabal y Sribé (D Cruz)
Laxneategui (D. Cuartini)	Laxneategui (D Cuartini)
Laxneategui et Colon (D. Franciscus)	Laxneategui et Colon (D Francisco)
Laxner (D. D. Jo.)	Laxner (D D Jo.)
Laynez (Fr. Iosef)	Laynez (Fr Iosef)
Leandrii (Jo)	Leandrii (Jo)
Lechuga (Christoval)	Lechuga (Christoval)
Legipont (P. Oliver)	Legipont (P Oliver)
Leiba y Aguilar (D. Fran.)	Leiba y Aguilar (D Fran.)
Leibnitii. (Godofredi Guil.)	Leibnitii (Godofredi Guil.)
Leibniz. (Wilhelmus)	Leibniz (Wilhelmus)
Leitão. (Francisco)	Leitão (Francisco)
Lelong. (Jacob)	Lelong (Jacob)
Lengnisch. (C.Mr.)	Lengnisch (C.Mr.)
Lengueglia (Tiov. Agustino)	Lengueglia (Tiov Agustino)
Lenni (Aulo)	Lenni (Aulo)
Leon de Pinelo (Lic. do Ant.)	Leon de Pinelo (Lic do Ant.)
Leon. (P.F. Luis)	Leon (F Luis)
Leonis. (To.)	Leonis (To.)
Lequier (Mr.)	Lequier (Mr.)
Lerdoin (M.)	Lerdoin (M.)
Leslaeo (Io.)	Leslaeo (Io.)
Leti (Gregoire)	Leti (Gregoire)
Lexici (Jo.)	Lexici (Jo.)
Lexisio Flacco (Aulo)	Lexisio Flacco (Aulo)
Leyba. (D. Joa)	Leyba (D Joa)
Leyveri (Augustini)	Leyveri (Agustín)
Liano y Cordova (D. Ignacio)	Liano y Cordova (D Ignacio)
Libientali (M. Mich.)	Libientali (M Mich.)
Liclama (Mancii)	Liclama (Mancii)
Lierobe (Christiani Sigismundi)	Lierobe (Christiani Sigismundi)
Limney (Joanes)	Limney (Joanes)
Linaci (Caroli)	Linaci (Carlos)
Linares (D. José)	Linares (D José)
Linde (D. Lorenzo Roberto de)	Linde (D Lorenzo Roberto de)
Linneo (Cav. Carlo)	Linneo (Cav Carlo)
Lipeni (Martini)	Lipeni (Martini)
Lipenio (Martino)	Lipenio (Martino)
Lipii (Justi)	Lipii (Justi)
Lipii (T.)	Lipii (T.)
Lipio (Justo)	Lipio (Justo)
Lippi (Bartholomeo)	Lippi (Bartholomeo)
Lipri (Justi)	Lipri (Justi)
Liprio (Justo)	Liprio (Justo)
Lisarraga (D. Juan de)	Lisarraga (D Juan de)
Lison (Dn. Mateo L.)	Lison (Dn Mateo L.)
Llamosa (D. Lorenzo)	Llamosa (D Lorenzo)
Llebres y Cugortien (D. Juan)	Llebres y Cugortien (D Juan)
Loaci (Hmi. Fernando)	Loaci (Hmi Fernando)
Loaisa (García)	Loaisa (García)
Loazia (Ferdinandus)	Loazia (Ferdinandus)
Lobera (D. José Pablo)	Lobera (D José Pablo)
Lobera (D. Luis)	Lobera (D Luis)
Lobera (Fr. Atanacio)	Lobera (Fr Atanacio)
Lobera y Otro (D. Antonio)	Lobera y Otro (D Antonio)
Lobon de Salazar (Licenciado D. Francisco)	Lobon de Salazar (Licenciado D Francisco)
Loccenio (Th.)	Loccenio (Th.)
Lolme (Mr. De)	Lolme (Mr De)
Lombez (F. Ambrosio)	Lombez (F Ambrosio)
Lombraña (F. Manuel de)	Lombraña (F Manuel de)
Lomedano (Pio Francisco)	Lomedano (Pio Francisco)
Lomieri (To.)	Lomieri (To.)
Lomosinus (Aldiovicus)	Lomosinus (Aldiovicus)
Londoño (P. Sancho)	Londoño (P Sancho)
Long (Jacobi)	Long (Jacobo)
Longovalti (To.)	Longovalti (To.)
Lope (D. Pedro de)	Lope (D Pedro de)
Loperii (Dominici)	Loperii (Dominici)
Lopez (D. Fernando José)	Lopez (D Fernando José)
Lopez (D. Juan Luis)	Lopez (D Juan Luis)
Lopez (D. Thomas)	Lopez (D Tomás)
Lopez de Cárdenas (D. Fernando Franco Hurtado)	Lopez de Cárdenas (D Fernando Franco Hurtado)
Lopez de Cárdenas (D. Fernando José)	Lopez de Cárdenas (D Fernando José)
Lopez de Haro (Alonso)	Lopez de Haro (Alonso)
López de Valcárcel (D. Ignatio)	López de Valcárcel (D Ignatio)
Lopez de Vega (Feliz)	Lopez de Vega (Feliz)
Lopez (Diego)	Lopez (Diego)
Lopez (dñiz)	Lopez (dñiz)
Lopez (Jo Ludovico)	Lopez (Jo Ludovico)
Lopez (Joannis Lutovici)	Lopez (Joannis Lutovici)
Lopez Madexa (D. Gregorio)	Lopez Madexa (D Gregorio)
Lorca (Pedro Guerra)	Lorca (Pedro Guerra)
Loredano (Juan Francisco)	Loredano (Juan Francisco)
Lorenzana (Emmo. D. Francisco Antonio)	Lorenzana (Emmo D Francisco Antonio)
Losa (Andres de la)	Losa (Andres de la)
Losa (Francisca)	Losa (Francisca)
Losada (Ignacio)	Losada (Ignacio)
Loven (Card.)	Loven (Card.)
Loyo (D.D. Francisco)	Loyo (D Francisco)
Lozano (D.D. Christoval)	Lozano (D Christoval)
Lozano (P. Pedro)	Lozano (P Pedro)
Luca. (D. Caroli Ant.)	Luca (D Carlos Ant.)
Lucas. (Cardenal Juan Bautista)	Lucas (Juan Bautista)
Lucas. (Eminentissimo Juan Bautista)	Lucas (Eminentissimo Juan Bautista)
Lucas. (Sio Bautista)	Lucas (Sio Bautista)
Luciani. (cll. Annoci)	Luciani (cll Annoci)
Lucilius (C.)	Lucilius (C.)
Lucius (D. Pedro)	Lucius (D Pedro)
Lucius (D. Pedro R.)	Lucius (D Pedro R.)
Lucrecio (Tito)	Lucrecio (Tito)
Lucretius (T. Car.)	Lucretius (T Car.)
Ludovici (Petri Giovanni)	Luis (Pedro Giovanni)
Ludovicus (Joannis Petri)	Luis (Joannis Pedro)
Ludovicus (Juan Pet. f.)	Luis (Juan Pet f.)
Lujan (Pedro)	Lujan (Pedro)
Lulli (Cristoni)	Lulli (Cristoni)
Lulli (Raymundus)	Lulli (Raymundus)
Lupani (Vincentii)	Lupani (Vincentii)
Luque (Eduardo Malo De)	Luque (Eduardo Malo De)
Luzan (D. Ignacio)	Luzan (D Ignacio)
Lycosthene (Conrado)	Lycosthene (Conrado)
Lynami (Henricus)	Lynami (Henricus)
Lynius (Justus)	Lynius (Justus)
Mabilloni (Ion)	Mabilloni (Ion)
Macaru (Ion)	Macaru (Ion)
Macedo (Antonio Sousa de)	Macedo (Antonio Sousa de)
Macerlo (Fabio Sylvio)	Macerlo (Fabio Sylvio)
Macquer (El Doctor)	Macquer (El)
Macrobius (Aurelius Theodorus)	Macrobius (Aurelius Theodorus)
Madariaga (Fr. Juan)	Madariaga (Fr Juan)
Madden (D. Juan Fran.)	Madden (D Juan Fran.)
Madera (D. D. Gregorio Lopez)	Madera (D D Gregorio Lopez)
Madramani (D. Mariano)	Madramani (D Mariano)
Madrid (P. Fr. Alonso)	Madrid (P Fr Alonso)
Maestertii (Jacobus)	Maestertii (Jacobo)
Maffei (Iones Petrus)	Maffei (Iones Pedro)
Magdaleno (Fr. Bonaventura)	Magdaleno (Fr Bonaventura)
Magiri (Fobias)	Magiri (Fobias)
Magni (Joan Olans)	Magni (Joan Olans)
Magro (D. Santiago)	Magro (D Santiago)
Mainoldi Salerati (Jacobi)	Mainoldi Salerati (Jacobo)
Maitaire (Mich.)	Maitaire (Mich.)
Maldonado (D. Jose)	Maldonado (D Jose)
Maldonado (Jo)	Maldonado (Jo)
Maldonado (Joanes)	Maldonado (Joanes)
Maldonatii (Jo)	Maldonatii (Jo)
Mallinekrot (Bernardi)	Mallinekrot (Bernardo)
Mallinekrot (Bernardo)	Mallinekrot (Bernardo)
Malo de Medina (Franciscus)	Malo de Medina (Francisco)
Malte (Herman Francois)	Malte (Herman Francois)
Maluenda (Fr. Tomas)	Maluenda (Fr Tomas)
Maluenda (Jacinto)	Maluenda (Jacinto)
Malvessi (Virgili)	Malvessi (Virgili)
Manassis (Constantini)	Manassis (Constantini)
Manenii (P. Jacobi)	Manenii (P Jacobo)
Mani (P. Juan Bautista)	Mani (P Juan Bautista)
Manini (Celsi)	Manini (Celsi)
Männeri (Eusebii)	Männeri (Eusebii)
Manpin (Mr.)	Manpin (Mr.)
Manrique (D. Jorge)	Manrique (D Jorge)
Manrique (F. Angelo)	Manrique (F Angelo)
Manroy (Fr. Henrico)	Manroy (Fr Henrico)
Manso de Contreras (Dn Christoval)	Manso de Contreras (Dn Christoval)
Mantuano (Pedro)	Mantuano (Pedro)
Mantuanus (Baptistae)	Mantuanus (Baptistae)
Manuel.. (D. Fran. Co)	Manuel (D Fran Co)
Manuel (D. Francisco)	Manuel (D Francisco)
Manutius (Aldus)	Manutius (Aldus)
Manutius (Paulus)	Manutius (Pablo)
Manzanares (F. Blas de)	Manzanares (F Blas de)
Manzanas (Eugenio)	Manzanas (Eugenio)
Manzano (Ramos de)	Manzano (Ramos de)
Mañer (D. Salvador)	Mañer (D Salvador)
Marano (Guill.)	Marano (Guill.)
Marca (D. Petri)	Marca (D Pedro)
Marca (Illmi D. Petri de)	Marca (Illmi D Pedro de)
Marca (Mr. Pierre de)	Marca (Mr Pedro de)
Marca (Petri de)	Marca (Pedro de)
Marcelaer (Federici)	Marcelaer (Federici)
Marcellini (Hmman)	Marcellini (Hmman)
Marcellus (Petro)	Marcellus (Petro)
March (D. Joa Ignacio de)	March (D Joa Ignacio de)
Marchand (Mr Propèr)	Marchand (Mr Propèr)
Marcii (Mamlii)	Marcii (Mamlii)
Marckarti (Jo Guili)	Marckarti (Jo Guili)
Maresii (Rolandi)	Maresii (Rolandi)
Marg.... (D.º D.º Josef Michili)	Marg (º º Josef Michili)
Marg.... (D.º Manuel)	Marg (º Manuel)
Marg.... (Fr. Juan)	Marg (Fr Juan)
Marguechi (D.º Petri Sanz)	Marguechi (º Pedro Sanz)
Mariana (Jo)	Mariana (Jo)
Marieta (F. Juan)	Marieta (F Juan)
Marin Alfocea (Dn Juan Antonio)	Marin Alfocea (Dn Juan Antonio)
Marin (Dn Joaquin)	Marin (Dn Joaquin)
Marin (P. Juan)	Marin (P Juan)
Marin y Mendoza (Dn Joaquin)	Marin y Mendoza (Dn Joaquin)
Marinal (Comte de Saxe)	Marinal (Comte de Saxe)
Marineri (Valentini Vincentii)	Marineri (Valentini Vincentii)
Mariz (Pedro de)	Mariz (Pedro de)
Marmens Simlus (Lucius)	Marmens Simlus (Lucius)
Marmol Carbalal (Luis)	Marmol Carbalal (Luis)
Marnix (Mr. Jean)	Marnix (Mr Juan)
Marovellis Ruelba (D.º Fran. y otros)	Marovellis Ruelba (º Fran y otros)
Marques de Medina (D.º Marco)	de Medina (º Marco)
Marques de Prado (Dn Alonso)	de Prado (Dn Alonso)
Marquez (M. Fr. Jo)	Marquez (M Fr Jo)
Martel... (Geronymo)	Martel (Geronymo)
Marti y Villadamor (D. Francisco)	Marti y Villadamor (D Francisco)
Martialis (M. Valerii)	Martialis (M Valerii)
Martin (M.)	Martin (M.)
Martinage (M.º Ancheman de)	Martinage (M.º Ancheman de)
Martinez a Villar (D. Michaele)	Martinez a Villar (D Michaele)
Martínez (Alfonso)	Martínez (Alfonso)
Martinez (D. D. Martin)	Martinez (D D Martin)
Martinez (D. Vicente)	Martinez (D Vicente)
Martínez de Cisneros (Fr. Diego)	Martínez de Cisneros (Fr Diego)
Martínez Gómez Gayoso (D. Benito)	Martínez Gómez Gayoso (D Benito)
Martínez (Licenciado D. Manuel Silvestre)	Martínez (Licenciado D Manuel Silvestre)
Martinez (Martini)	Martinez (Martini)
Martínez (Martini)	Martínez (Martini)
Martínez (R. P. Juan)	Martínez (R P Juan)
Martínez Salazar (D. Antonio)	Martínez Salazar (D Antonio)
Martínez Valduendo (D. Juan de)	Martínez Valduendo (D Juan de)
Martini (Car. Ant.)	Martini (Car Ant.)
Martini (Enmanuelis)	Martini (Enmanuelis)
Martini (Jo)	Martini (Jo)
Martiniere (M. Bruzon dela)	Martiniere (M Bruzon dela)
Martinio (P. Martin)	Martinio (P Martin)
Martinybus (Venerabilis D. J. Bartolomeus)	Martinybus (Venerabilis D J Bartolomeus)
Martirrigo (Juan Pablo)	Martirrigo (Juan Pablo)
Martiz Caminha (Gregorio)	Martiz Caminha (Gregorio)
Marton (P. Fr. Benito)	Marton (P Fr Benito)
Martorel y de Luna (Fran.)	Martorel y de Luna (Fran.)
Marvila (Petrum Vincentium)	Marvila (Petrum Vincentium)
Marville (Mr. de Vigneul)	Marville (Mr de Vigneul)
Marxilis (M. Antonii)	Marxilis (M Antonio)
Mascardi (Agostino)	Mascardi (Agostino)
Mascardi (Augustinii)	Mascardi (Augustinii)
Mascardo (Alderano)	Mascardo (Alderano)
Mascareñas (D. Geronymo)	Mascareñas (D Geronymo)
Mascovi (Gotfridii)	Mascovi (Gotfridii)
Mascovii (Dn Jo. Jac.)	Mascovii (Dn Jo Jac.)
Mascovii (Jo. Jac.)	Mascovii (Jo Jac.)
Masogni (Jacobi)	Masogni (Jacobo)
Massigues (Señor Felix)	Massigues (Felix)
Massomi (Papirii)	Massomi (Papirii)
Mastricht (Gert. Von)	Mastricht (Gert Von)
Mastrillo (Dn Garcia)	Mastrillo (Dn Garcia)
Mata (Juandela)	Mata (Juandela)
Matamoros (Alphonsi Garciae)	Matamoros (Alphonsi Garciae)
Matas (Josef)	Matas (Josef)
Matheo (Antonii)	Matheo (Antonio)
Matienco (Jo.)	Matienco (Jo.)
Matienzi (Dn Joa.)	Matienzi (Dn Joa.)
Matienzo Deza (Io. de)	Matienzo Deza (Io de)
Matienzo (Joannis)	Matienzo (Joannis)
Matienzo (Sebastiani de)	Matienzo (Sebastiani de)
Matthieu et Sans (D.D. Laurent.)	Matthieu et Sans (D Laurent.)
Matute de Acevedo (D.º Ferdinandi)	Matute de Acevedo (º Ferdinandi)
Maurisean (D.º Francisco)	Maurisean (º Francisco)
Maximi (Firi)	Maximi (Firi)
Mayans... (D. Juan Antonio)	Mayans (D Juan Antonio)
Mayans y Siscar (D. Gregorio)	Mayans y Siscar (D Gregorio)
Mayans, y Siscar (D. Gregorio)	Mayans y Siscar (D Gregorio)
Mayeri... (Jo. Friderici)	Mayeri (Jo Friderici)
Mayerum (Jacobum)	Mayerum (Jacobum)
Maymi... (D. Josephi)	Maymi (D Josephi)
Maymo, y Rives (D. Josef.)	Maymo y Rives (D Josef.)
Mayor (Carolus)	Mayor (Carlos)
Mecolaeta (P. F. Diego)	Mecolaeta (P F Diego)
Medina (Barba)	Medina (Barba)
Medina, Conde (D.º Christoval de)	Medina (º Christoval de)
Medina (D. Antonio)	Medina (D Antonio)
Medina (D. D. Christoval)	Medina (D D Christoval)
Medina (M. Fr. Juan de)	Medina (M Fr Juan de)
Medina (M. Fr. Pedro de)	Medina (M Fr Pedro de)
Medrano (D. Didacus de)	Medrano (D Didacus de)
Medrano (D. Felipe)	Medrano (D Felipe)
Medrano (D. Sebastián)	Medrano (D Sebastián)
Meerman (Gerardi)	Meerman (Gerardi)
Meery (Melchior)	Meery (Melchior)
Meibomii (Jo. Henr.)	Meibomii (Jo Henr.)
Meisteri (D. Christian. Frid. Georg.)	Meisteri (D Christian Frid Georg.)
Mela (Pompinii)	Mela (Pompinii)
Melendez Valdes (D. Juan)	Melendez Valdes (D Juan)
Melii de Sausa (Joannis)	Melii de Sausa (Joannis)
Melo... (Siz. Luis Sanchez)	Melo (Siz Luis Sanchez)
Melo y Siron (DD. Juan)	Melo y Siron (DD Juan)
Mena de Tovar (Dn Yldefonsus)	Mena de Tovar (Dn Yldefonsus)
Mena (Fernando de)	Mena (Fernando de)
Mena (Juan de)	Mena (Juan de)
Menae Damasceni (Joannis)	Menae Damasceni (Joannis)
Menage (Mr.)	Menage (Mr.)
Menagi (Aegidii)	Menagi (Aegidii)
Menchenii (Jo. Burchardi)	Menchenii (Jo Burchardi)
Mendez de Castro (Emmanuelis)	Mendez de Castro (Emmanuelis)
Mendez de Vasconcelos (Luis)	Mendez de Vasconcelos (Luis)
Mendez (P. Fr. Fran.)	Mendez (P Fr Fran.)
Mendez Silva (Rodrigo)	Mendez Silva (Rodrigo)
Mendo (R.P. Andres)	Mendo (R.P Andres)
Mendoza (D. Antonio Hurtado de)	Mendoza (D Antonio Hurtado de)
Mendoza (D. Bernardino)	Mendoza (D Bernardino)
Mendoza (D. Diego)	Mendoza (D Diego)
Mendoza (D. Fernando)	Mendoza (D Fernando)
Mendoza (D. Francisco)	Mendoza (D Francisco)
Mendoza (Dn Pedro Hurtado de)	Mendoza (Dn Pedro Hurtado de)
Mendoza (Hernando de)	Mendoza (Hernando de)
Mendoza (Iñigo Lopez Marques de Santillana)	Mendoza (Iñigo Lopez de Santillana)
Menenes (Sebastian)	Menenes (Sebastian)
Meneses (Dn Luis de)	Meneses (Dn Luis de)
Menesez (Dn Luis de)	Menesez (Dn Luis de)
Menesez (Dn Pedro de)	Menesez (Dn Pedro de)
Menestrier (Joan Baptistae)	Menestrier (Joan Baptistae)
Menochio (R.P. Joannis Stephani)	Menochio (R.P Joannis Esteban)
Menochio (Sig.)	Menochio (Sig.)
Mera (Christoval de)	Mera (Christoval de)
Mera (Dn Pedro Jose de)	Mera (Dn Pedro Jose de)
Mercado (Fr. Pedro)	Mercado (Fr Pedro)
Mercado (Fr. Thomas)	Mercado (Fr Tomás)
Mercado (Ludovicii)	Mercado (Ludovicii)
Mercator (Bartholomaeus)	Mercator (Bartholomaeus)
Mercerii (Jo.)	Mercerii (Jo.)
Merillii (Emundi)	Merillii (Emundi)
Merino (P. Andres)	Merino (P Andres)
Merulae (Georgii)	Merulae (Jorge)
Messiae (Ludovii)	Messiae (Ludovii)
Mexia (Diego)	Mexia (Diego)
Mexia (Pedro)	Mexia (Pedro)
Mey... (Filipo)	Mey (Filipo)
Michel (Augustino)	Michel (Augustino)
Micraely (Joh)	Micraely (Joh)
Middendorpio (Jacobo)	Middendorpio (Jacobo)
Mieres (Thomas)	Mieres (Tomás)
Mina (Marques de la)	Mina (de la)
Minaya (Dn Francisco)	Minaya (Dn Francisco)
Minei Felicis (Martiani)	Minei Felicis (Martiani)
Mirabeau (Marques de)	Mirabeau
Miraens (Aubertus)	Miraens (Aubertus)
Miralles Marin (D.D. Gines)	Miralles Marin (D Gines)
Miranda (D. Pedro)	Miranda (D Pedro)
Miranda (Fr Ludovico)	Miranda (Ludovico)
Miranda (M. Giovanni)	Miranda (M Giovanni)
Mirandula (Octavian)	Mirandula (Octavian)
Mireo (Auberto)	Mireo (Auberto)
Misselli (Giuseppe)	Misselli (Giuseppe)
Modestus (F. Pacificus)	Modestus (F Pacificus)
Modio... (Francisco)	Modio (Francisco)
Moetjens (Adriano)	Moetjens (Adriano)
Moez de Hurbide (Dn Michael)	Moez de Hurbide (Dn Miguel)
Mogollon (Licdo Balthasare)	Mogollon (Licdo Balthasare)
Mohina (D. Lud.)	Mohina (D Lud.)
Mohina (Dn. Gaspare de)	Mohina (Dn Gaspare de)
Mohodano (Fr. Pedro Rodriguez)	Mohodano (Fr Pedro Rodriguez)
Mohodano (R.P. Jo.)	Mohodano (R.P Jo.)
Molani (Joannis)	Molani (Joannis)
Moles (Dn. Fadrique)	Moles (Dn Fadrique)
Molinaei (Carolus)	Molinaei (Carlos)
Molini (Francisci)	Molini (Francisco)
Molinia (El Lic?)	Molinia (El Lic?)
Mollerii (Johannis)	Mollerii (Johannis)
Monaco (Roberto)	Monaco (Roberto)
Monaña (D. Bernardino)	Monaña (D Bernardino)
Monardes (D.)	Monardes (D.)
Monasterio (Dn Juan Alonso)	Monasterio (Dn Juan Alonso)
Moncada (Dn Francisco de)	Moncada (Dn Francisco de)
Moncada (Dn Gabriel de)	Moncada (Dn Gabriel de)
Moncada (Dn Juan)	Moncada (Dn Juan)
Moncada (Dn Sancho de)	Moncada (Dn Sancho de)
Monceau (M. Duhamel de)	Monceau (M Duhamel de)
Mondejar (Marqués de)	Mondejar (Marqués de)
Monge (D. Manuel)	Monge (D Manuel)
Monitore (Sedactiano)	Monitore (Sedactiano)
Monoxin (Bernardino)	Monoxin (Bernardino)
Monrai (D. D. Josef)	Monrai (D D Josef)
Monrreal (P. Miguel)	Monrreal (P Miguel)
Monsalve (P. Jayme Fmestres)	Monsalve (P Jayme Fmestres)
Montalban (D. Juan Perez de)	Montalban (D Juan Perez de)
Montalva (D. Petri)	Montalva (D Pedro)
Montalvo (Luis Galvez de)	Montalvo (Luis Galvez de)
Montaner (Ramon)	Montaner (Ramon)
Montano (P. Ger.)	Montano (P Ger.)
Montargon (Fr. Jacinto)	Montargon (Fr Jacinto)
Montchretien (Antoyne de)	Montchretien (Antoyne de)
Monte Brixiano (D. Hieronimo de)	Monte Brixiano (D Hieronimo de)
Montealegre (Joanne)	Montealegre (Joanne)
Montecucoli (Principe Raymundo)	Montecucoli (Raymundo)
Montemar (El Conde de)	Montemar (El de)
Montemayor (D. Juan Francisco)	Montemayor (D Juan Francisco)
Montemayor (Jorge de)	Montemayor (Jorge de)
Montengon (D. Pedro)	Montengon (D Pedro)
Montero (D. D. Juan Benites)	Montero (D D Juan Benites)
Montero (D. Felipe Ignacio)	Montero (D Felipe Ignacio)
Monteroso (Gabriel)	Monteroso (Gabriel)
Montes (Diego)	Montes (Diego)
Montesino (Ambrosio)	Montesino (Ambrosio)
Montfaucon (D. Bernardi de)	Montfaucon (D Bernardo de)
Montholonio (Jo)	Montholonio (Jo)
Montiano Muñando (Dn Agustin)	Montiano Muñando (Dn Agustin)
Montoro (Dn Josef Perez de)	Montoro (Dn Josef Perez de)
Montoya (Pedro Lopez de)	Montoya (Pedro Lopez de)
Monzambano (Severini de)	Monzambano (Severini de)
Monzon (Dn Ramon Vicenti)	Monzon (Dn Ramon Vicenti)
Mora (Juan de)	Mora (Juan de)
Mora (Lic. D. Juan Agustín de)	Mora (Lic D Juan Agustín de)
Mora Navaba (D. Pablo)	Mora Navaba (D Pablo)
Moradell (Domingo de)	Moradell (Domingo de)
Morado (D. Bernardo)	Morado (D Bernardo)
Morales (Ambrosio)	Morales (Ambrosio)
Morales (Ambrosio de)	Morales (Ambrosio de)
Morales (Dn Jadragui)	Morales (Dn Jadragui)
Morani. Brioni (Jacobi)	Morani Brioni (Jacobo)
Morelius (Andreas)	Morelius (Andreas)
Moreno de Vargas (Bernabé)	Moreno de Vargas (Bernabé)
Moreno (Dn Antonio)	Moreno (Dn Antonio)
Moreno Moralez (Fr. Antonio)	Moreno Moralez (Fr Antonio)
Moreno (P. Josef)	Moreno (P Josef)
Moreri (Louis)	Moreri (Luis)
Moreto (D. Agustin)	Moreto (D Agustin)
Morgado (Alonso)	Morgado (Alonso)
Morganti (Bento)	Morganti (Bento)
Morguès (Mesire Matthieu de)	Morguès (Mesire Matthieu de)
Morhofii (Danielis Georgii)	Morhofii (Danielis Jorge)
Mori (Thomae)	Mori (Tomás)
Morla (D. D. Diego)	Morla (D D Diego)
Mornaeii (Antonii)	Mornaeii (Antonio)
Morote (F. Pedro)	Morote (F Pedro)
Mortazo (D.º Francis)	Mortazo (º Francis)
Morton (J. Leon)	Morton (J Leon)
Morvedre (Bernardino Gomez Miedey Artiaca de)	Morvedre (Bernardino Gomez Miedey Artiaca de)
Morzilii (Sebastiani Foxii)	Morzilii (Sebastiani Foxii)
Moscoso (Ex. Señor D.º Balthasar de)	Moscoso (Ex º Balthasar de)
Mosquera (D.º Dionisio)	Mosquera (º Dionisio)
Mosquera (D.º Fran.º)	Mosquera (º Fran.º)
Mota Le vayer (Señor dela)	Mota Le vayer (dela)
Mothe de Vayer (M.º dela)	Mothe de Vayer (M.º dela)
Motmorena (Franc.)	Motmorena (Franc.)
Moya... (Juan Perez de)	Moya (Juan Perez de)
Moyne (Pedro)	Moyne (Pedro)
Mugno (Dn Filadelfo)	Mugno (Dn Filadelfo)
Mulleri Greiffensti (Andreae)	Mulleri Greiffensti (Andreae)
Mulleri (Jo. Jac.)	Mulleri (Jo Jac.)
Mullerus (Petrus)	Mullerus (Pedro)
Mulzer (Ignatii)	Mulzer (Ignatii)
Munadov (Juan Thomas)	Munadov (Juan Tomás)
Munnesii (Petri Jo.)	Munnesii (Pedro Jo.)
Muñiz (Fr. Roberto)	Muñiz (Fr Roberto)
Muñoz (D. Juan Bautista)	Muñoz (D Juan Bautista)
Muñoz (D. Miguel Eugenio)	Muñoz (D Miguel Eugenio)
Muñoz de la Cueva (D. F. Juan)	Muñoz de la Cueva (D F Juan)
Muñoz (Dn Antonio)	Muñoz (Dn Antonio)
Muratori (Gian Francesco)	Muratori (Gian Francesco)
Muratori (L. Antonio)	Muratori (L Antonio)
Muratori (Luis Ant.)	Muratori (Luis Ant.)
Mureti (M. Antoni)	Mureti (M Antoni)
Murillo (Fr. Diego)	Murillo (Fr Diego)
Murillo (Thom.)	Murillo (Thom.)
Murillo Velarde (P. Pedro)	Murillo Velarde (P Pedro)
Murtola (Gasparo)	Murtola (Gasparo)
Musaii (Cro. et Leandri)	Musaii (Cro et Leandri)
Musancio (Joanne Dominico)	Musancio (Joanne Dominico)
Musauertius (Claudius)	Musauertius (Claudius)
Mut... (Vicente)	Mut (Vicente)
Nafarrondo (D. D. Josef)	Nafarrondo (D D Josef)
Najas Zarco y Colona (D.º Fivyo)	Najas Zarco y Colona (º Fivyo)
Nani... (Baptista)	Nani (Baptista)
Narbona (D.)	Narbona (D.)
Narbona (D. D. Alfonso)	Narbona (D D Alfonso)
Narbona (D. Didaco)	Narbona (D Didaco)
Narbona (D. Eugenio)	Narbona (D Eugenio)
Narbona (D. Pedro Tenorio Arzobispo de Toledo)	Narbona (D Pedro Tenorio de Toledo)
Narbona (Jo.)	Narbona (Jo.)
Nardi (Baltasar)	Nardi (Baltasar)
Natianzemi (Sancti Gregorii)	Natianzemi (Sancti Gregorio)
Natin Mariteo (Rolando)	Natin Mariteo (Rolando)
Nature de Peña (El Ldo Diego)	Nature de Peña (El Ldo Diego)
Naudaei (Gabrielis)	Naudaei (Gabrielis)
Naude (Par. G.)	Naude (Par G.)
Navar de Carrera (Dº Manuel)	Navar de Carrera (Dº Manuel)
Navarra de la Cueva (Dn Pedro)	Navarra de la Cueva (Dn Pedro)
Navarra (Dn Sancho α)	Navarra (Dn Sancho α)
Navarra (Vltimo Dn Pedro de)	Navarra (Vltimo Dn Pedro de)
Navarrete (Dn Fran.co)	Navarrete (Dn Fran.co)
Navarrete (Ldo. Pedro)	Navarrete (Ldo Pedro)
Navarrete (P. M. Fr. Domingo Fernandez)	Navarrete (P M Fr Domingo Fernandez)
Navarro (Antonio)	Navarro (Antonio)
Navarro (Dº Cayetano García)	Navarro (Dº Cayetano García)
Navarro (Dº Fernando de)	Navarro (Dº Fernando de)
Navarro (Dº Gaspar)	Navarro (Dº Gaspar)
Navarro y Abel de Neas (Dº Dº Benito)	Navarro y Abel de Neas (Dº Dº Benito)
Navera (P. f. Juande)	Navera (P f Juande)
Navera (P. Manuel de)	Navera (P Manuel de)
Navera (P. P. Joannis)	Navera (P P Joannis)
Nebot... (Gerardi)	Nebot (Gerardi)
Nebrixa (Antonii)	Nebrixa (Antonio)
Necker (Mr.)	Necker (Mr.)
Nentoni (Isaci)	Nentoni (Isaci)
Nepotis (Cornelii)	Nepotis (Cornelii)
Nepveu (P. Francisco)	Nepveu (P Francisco)
Nestares (D. Simon Marvade)	Nestares (D Simon Marvade)
Nettelbladt (Danielis)	Nettelbladt (Danielis)
Netteswanoi (B. Juan)	Netteswanoi (B Juan)
Neugebauer a Cadano (Salomone)	Neugebauer a Cadano (Salomone)
Neuhusi (Reineri)	Neuhusi (Reineri)
Neuwemberg (P. Jean Ensebe)	Neuwemberg (P Juan Ensebe)
Nicasio (Claudio et Nicolas toinazdo)	Nicasio (Claudio et Nicolas toinazdo)
Nicci Erithraei (Jani)	Nicci Erithraei (Jani)
Niceron (R.P.)	Niceron (R.P.)
Nicolai (Augustini)	Nicolás (Agustín)
Nicolai (Joan)	Nicolás (Joan)
Nieepont (S.H.)	Nieepont (H.)
Nieuhovium (Jo)	Nieuhovium (Jo)
Nigri... (Gerardi)	Nigri (Gerardi)
Niño... (Fr. Juanetin)	Niño (Fr Juanetin)
Nipho... (Dn Francisco Mariano)	Nipho (Dn Francisco Mariano)
Nipho... (Dn Mariano)	Nipho (Dn Mariano)
Niphus... (Augustinus)	Niphus (Agustín)
Nitzianii (Phil. Reinh.)	Nitzianii (Phil Reinh.)
Noble (M. le)	Noble (M le)
Noceti (R.P. Carolus)	Noceti (R.P Carlos)
Nodale (Bartholome Garcia y Gonzalo de)	Nodale (Bartholome Garcia y Gonzalo de)
Nolegar (Conde de)	Nolegar
Nolet (El Abate)	Nolet (El Abate)
Noltenii Einbeccensis (Jo. Frideric)	Noltenii Einbeccensis (Jo Frideric)
Nomeseii (Nicolai)	Nomeseii (Nicolás)
Nonii... (Duardi)	Nonii (Duardi)
Nonii Leonis (Duardi)	Nonii Leonis (Duardi)
Nonii Medici (Ludovici)	Nonii Medici (Luis)
Noordkerk (Hermannni)	Noordkerk (Hermannni)
Normante (Del S.r)	Normante (Del r)
Noui (Seigneur de la)	Noui (Seigneur de la)
Novaria (P. J. Thomas)	Novaria (P J Tomás)
Numesii (Pet. Joan.)	Numesii (Pet Joan.)
Numii (D° Fran°)	Numii (D° Fran°)
Núñez (Albar)	Núñez (Albar)
Núñez de Castro (Dn Alonso)	Núñez de Castro (Dn Alonso)
Nuñez de la Peña (Liz. D. Juan)	Nuñez de la Peña (Liz D Juan)
Nuñez de Leao (D. Duarte)	Nuñez de Leao (D Duarte)
Núñez Delgado (Petrii)	Núñez Delgado (Petrii)
Nuñez (Duarte)	Nuñez (Duarte)
Nux (Dn Juan)	Nux (Dn Juan)
Nux (Giovani)	Nux (Giovani)
Obrechtii (Vlrici)	Obrechtii (Vlrici)
Obregon (D. Ignacio)	Obregon (D Ignacio)
Obregon (Lope)	Obregon (Lope)
Obregon y Cereceda (Ant: de)	Obregon y Cereceda (Ant: de)
Ocampo (Florian)	Ocampo (Florian)
Occone (Ab Adolfo)	Occone (Ab Adolfo)
Occone (Adolfo)	Occone (Adolfo)
Ochaga (Dn Petrus)	Ochaga (Dn Pedro)
Ochoa de la Sal (Juan)	Ochoa de la Sal (Juan)
Ohlius (Jo. Andor)	Ohlius (Jo Andor)
Oifelio (Jacobo)	Oifelio (Jacobo)
Oihenarti (Arnavi)	Oihenarti (Arnavi)
Ojeda (Fr. Diego de)	Ojeda (Fr Diego de)
Ojeda (P. Pedro)	Ojeda (P Pedro)
Olano (Joanne Martinez)	Olano (Joanne Martinez)
Oldemburgo (Philippo Andreae)	Oldemburgo (Philippo Andreae)
Olea (D. Alphonsi)	Olea (D Alphonsi)
Olenfildani (Didimi Veridici)	Olenfildani (Didimi Veridici)
Oliveri.. (Joan.)	Oliveri (Joan.)
Olmeday León (D.º Josefox)	Olmeday León (º Josefox)
Oloriz (P.D. Juan Christomo Benito de)	Oloriz (D Juan Christomo Benito de)
Omicallia (Agostino)	Omicallia (Agostino)
Onciaci (Guilielmi)	Onciaci (Guilielmi)
Oña (Pedro de)	Oña (Pedro de)
Opmeer (Petro ab)	Opmeer (Petro ab)
Orellano (D. Francisco Vicente)	Orellano (D Francisco Vicente)
Oren. (Juan)	Oren (Juan)
Ormaiz (Josef)	Ormaiz (Josef)
Ornii (Pauli)	Ornii (Pablo)
Oroni (Jo)	Oroni (Jo)
Oroz (D. Hieron.de)	Oroz (D Hieron.de)
Orozco (Fr. Alfonso)	Orozco (Fr Alfonso)
Orozii (Hieronymi)	Orozii (Jerónimo)
Orozii (Hieronymi Episc.)	Orozii (Jerónimo Episc.)
Orsi (Fr. Josephi Augustini)	Orsi (Fr Josephi Agustín)
Ortega (D. Ignatii Josef ab)	Ortega (D Ignatii Josef ab)
Ortega (Dn. Franc. Ign.)	Ortega (Dn Franc Ign.)
Ortega (Fr. Francisco)	Ortega (Fr Francisco)
Ortega, Melgares, et alpinota (D. Severianus Antonius)	Ortega Melgares et alpinota (D Severianus Antonio)
Ortega y Correa (Dn. Ign. José)	Ortega y Correa (Dn Ign José)
Ortelii (Abrahami)	Ortelii (Abrahami)
Ortiz de Zúñiga (D. Diego)	Ortiz de Zúñiga (D Diego)
Ortiz (F. Francisco)	Ortiz (F Francisco)
Ortiz (F. Francisco Fernandez Perez & Juan de la Peña)	Ortiz (F Francisco Fernandez Perez & Juan de la Peña)
Ortiz (Josef Mariano)	Ortiz (Josef Mariano)
Ortuoni Westembergii (Joanni)	Ortuoni Westembergii (Joanni)
Osmont (J. B. C.)	Osmont (J B C.)
Osonii (D. De Florio)	Osonii (D De Florio)
Osonii (D. Hieronimi)	Osonii (D Hieronimi)
Osonii (Eund. D. opus)	Osonii (Eund D opus)
Osonii (Hieronymi)	Osonii (Jerónimo)
Osorio Barba (Lorenzo)	Osorio Barba (Lorenzo)
Osorio (F. Antonio)	Osorio (F Antonio)
Ostrio (Eund. id. opus)	Ostrio (Eund id opus)
Ostrio (F. Hieronimo)	Ostrio (F Hieronimo)
Oteiza y Olano (Athanasio)	Oteiza y Olano (Athanasio)
Otero ... (D. Antonio Fernandez)	Otero (D Antonio Fernandez)
Othonis ... (Everardi)	Othonis (Everardi)
Ovalle (Alonso)	Ovalle (Alonso)
Ovando (P. Frande)	Ovando (P Frande)
Owenti. (Juan)	Owenti (Juan)
Oxi (Dn. Francisco)	Oxi (Dn Francisco)
Oxir (Blasi)	Oxir (Blasi)
Oxir (Dn. Diego)	Oxir (Dn Diego)
Oyanguren (D. Íñigo)	Oyanguren (D Íñigo)
Oyao. (dic. D. Fran. D.)	Oyao (dic D Fran D.)
Ozaeta y Gallarzegni (D. Jo. Hipolito)	Ozaeta y Gallarzegni (D Jo Hipolito)
Ozta Yelburquiz (M. D. Pedro Luis)	Ozta Yelburquiz (M D Pedro Luis)
Pace (Fr. Fran.)	Pace (Fr Fran.)
Pace (Manus. Salon de)	Pace (Manus Salon de)
Pacheco (D. Luis)	Pacheco (D Luis)
Pacheco de Narvaez (D. Luis)	Pacheco de Narvaez (D Luis)
Pacheco (Fran.)	Pacheco (Fran.)
Pacheco (M. D. Fran.)	Pacheco (M D Fran.)
Pachichellis (To. Bapt.)	Pachichellis (To Bapt.)
Padicio (Francisco del Reyno)	Padicio (Francisco del Reyno)
Padilla (D. Agustín Laurencio)	Padilla (D Agustín Laurencio)
Padilla (D. Francisco)	Padilla (D Francisco)
Padilla (D. Lorenzo)	Padilla (D Lorenzo)
Padilla (D. Pedro)	Padilla (D Pedro)
Padilla (Fr. Pedro de)	Padilla (Fr Pedro de)
Padilla (Franciscus)	Padilla (Francisco)
Padilla (Pedro)	Padilla (Pedro)
Padilla y Meneses (Antonius B.)	Padilla y Meneses (Antonio B.)
Paediani (Antonio)	Paediani (Antonio)
Paganini (Gaudenzio)	Paganini (Gaudenzio)
Pagenstecher (Alexandri Arnoldi)	Pagenstecher (Alexandri Arnoldi)
Pagenstecheri (A.C.A.)	Pagenstecheri (A.C.A.)
Pagenstecheri (Alexandri Arnoldi)	Pagenstecheri (Alexandri Arnoldi)
Pagenstecheri (E.A.)	Pagenstecheri (E.A.)
Pagnino (Sancte)	Pagnino (Sancte)
Palacio (D. Diego García de)	Palacio (D Diego García de)
Palafox. (D. Juan de)	Palafox (D Juan de)
Palafox (Hmo. D. Juan)	Palafox (Hmo D Juan)
Palafox (Illmo. Dtor Juan)	Palafox (Illmo Dtor Juan)
Palafox (Ilmo. Señor)	Palafox
Palafox Rubio (Jaime)	Palafox Rubio (Jaime)
Palafox Rubio (Jo. Lup.)	Palafox Rubio (Jo Lup.)
Palafox Rubio (Joanes)	Palafox Rubio (Joanes)
Palavicino (Ferrante)	Palavicino (Ferrante)
Palazzo. (P. Ant.)	Palazzo (P Ant.)
Paleotius. (Gabriel)	Paleotius (Gabriel)
Pallarino. (P. Fortia)	Pallarino (P Fortia)
Palmexii (Jacob)	Palmexii (Jacob)
Palmireni Campi (Laurenti)	Palmireni Campi (Laurenti)
Palmireni (Laurent)	Palmireni (Laurent)
Palmireno (Lorenzo)	Palmireno (Lorenzo)
Palomino (D. Antonio)	Palomino (D Antonio)
Palomino (Velasco)	Palomino (Velasco)
Pamphili (Eusebius)	Pamphili (Eusebius)
Pancirola (Guido)	Pancirola (Guido)
Pancirola (Guidonis)	Pancirola (Guidonis)
Pancirola Regiensis (D. Guido)	Pancirola Regiensis (D Guido)
Pancorvini (Francisci veracii)	Pancorvini (Francisco veracii)
Panel (D. Alessandro Daries)	Panel (D Alessandro Daries)
Panneo (F. Philippo)	Panneo (F Philippo)
Pannuto (D. Paulo)	Pannuto (D Paulo)
Panormita (Antonio)	Panormita (Antonio)
Panormita (Miser Antonio)	Panormita (Miser Antonio)
Panormitani (Abatis)	Panormitani (Abatis)
Pantheo (Ioane Augusto)	Pantheo (Ioane Augusto)
Pantoja de Ayala (Ferri)	Pantoja de Ayala (Ferri)
Panzano (Cristino)	Panzano (Cristino)
Panzirchi (Giudi)	Panzirchi (Giudi)
Papebroch (Danielis)	Papebroch (Danielis)
Par y Cunaxoy (D. Joaquin)	Par y Cunaxoy (D Joaquin)
Paradini (Claudii)	Paradini (Claudii)
Paramo (D. Lacdovici)	Paramo (D Lacdovici)
Paramo (D. Ludovici)	Paramo (D Luis)
Paravicini (Vicenti)	Paravicini (Vicenti)
Pardini (Clv. Claude)	Pardini (Clv Claude)
Pardini (Guellermus)	Pardini (Guellermus)
Pardo (D. Jeronimo)	Pardo (D Jeronimo)
Pardo (Juan de)	Pardo (Juan de)
Parenta (Bernardo)	Parenta (Bernardo)
Parexa et Quesada (D. Gabrielis)	Parexa et Quesada (D Gabrielis)
Parisis (Flaminio)	Parisis (Flaminio)
Parisius (Fili)	Parisius (Fili)
Parraga (D. Gabriel)	Parraga (D Gabriel)
Parrasi (Jani)	Parrasi (Jani)
Parreño (Baltazar)	Parreño (Baltazar)
Parrino (Domenico Antonio)	Parrino (Domenico Antonio)
Parthenu (Nicolaus)	Parthenu (Nicolás)
Paruta (Philipo)	Paruta (Philipo)
Pascal (C.U.)	Pascal (C.U.)
Pascali (Carolus)	Pascali (Carlos)
Passeratii (Jani)	Passeratii (Jani)
Pastor (D. Julian Hilarion)	Pastor (D Julian Hilarion)
Pastorius (Joachimus)	Pastorius (Joachimus)
Patarol (Laurentius)	Patarol (Laurentius)
Paterculo (Cayo Velleyo)	Paterculo (Cayo Velleyo)
Paterculo (Velleio)	Paterculo (Velleio)
Patin (Charly)	Patin (Charly)
Patini (Carlos)	Patini (Carlos)
Patini (Caroli)	Patini (Carlos)
Patino (Carlos)	Patino (Carlos)
Patino (Carolos)	Patino (Carolos)
Paton (Bartholome Ximeñez)	Paton (Bartholome Ximeñez)
Patuzzi (P.F. Giovan Vincenzo)	Patuzzi (F Giovan Vincenzo)
Paujicaycuodertur (T. de Noraza)	Paujicaycuodertur (T de Noraza)
Pauvs. (Guilielmi)	Pauvs (Guilielmi)
Paz (D. Christofori)	Paz (D Christofori)
Paz (F. Francisci)	Paz (F Francisco)
Paz (Gonzalo Suarez de)	Paz (Gonzalo Suarez de)
Pecki (Petri)	Pecki (Pedro)
Peckii (Petri)	Peckii (Pedro)
Pedraza (D. Fran. Bermudez)	Pedraza (D Fran Bermudez)
Pegar (D. Emanuelis)	Pegar (D Emanuelis)
Pelandi (Hadriano)	Pelandi (Hadriano)
Pelegrín (Blanco)	Pelegrín (Blanco)
Peliser (D. Josef)	Peliser (D Josef)
Pellicer (D. José)	Pellicer (D José)
Pellicer (D. Josef)	Pellicer (D Josef)
Pellicer (D. Juan Ant.)	Pellicer (D Juan Ant.)
Pellicer de Ovando y Tovar (D. José)	Pellicer de Ovando y Tovar (D José)
Pellicer de Tovar Abarca (D. José)	Pellicer de Tovar Abarca (D José)
Pellicer de Tovar (D. José)	Pellicer de Tovar (D José)
Pellicer de Tovar (D. Josef)	Pellicer de Tovar (D Josef)
Pellicer (Defensa de España)	Pellicer (Defensa de España)
Pellicer (Gabriel Alvarez de Toledo)	Pellicer (Gabriel Alvarez de Toledo)
Pelliser (D. Josef)	Pelliser (D Josef)
Peltronium (Ptolocæum)	Peltronium (Ptolocæum)
Pelzhoffer (D. Francisco)	Pelzhoffer (D Francisco)
Pennal (D. Lucas)	Pennal (D Lucas)
Pennimezi (Hh. Fr. Fh. etiam)	Pennimezi (Hh Fr Fh etiam)
Penotti (Nicolò)	Penotti (Nicolò)
Peña Montenegro (Ilmo. D. Alonso de)	Peña Montenegro (D Alonso de)
Peñafiel y Araujo (P. Alonso X.)	Peñafiel y Araujo (P Alonso X.)
Peñalosa (P. Pedro de)	Peñalosa (P Pedro de)
Peñon (P. M. F. Francisco)	Peñon (P M F Francisco)
Pequera (D. Luis)	Pequera (D Luis)
Pequet (C.V.)	Pequet (C.V.)
Peraldus (Guillelmus)	Peraldus (Guillelmus)
Peraldus (H. Guillelmus)	Peraldus (H Guillelmus)
Peralta, Barnuevo y Rocha (D. Pedro de)	Peralta Barnuevo y Rocha (D Pedro de)
Peralta (D. Antonio)	Peralta (D Antonio)
Peralta (D. D. Pedro de)	Peralta (D D Pedro de)
Peralta (D. Narciso)	Peralta (D Narciso)
Peralta (D. Petrus)	Peralta (D Pedro)
Peralta y Barnuevo (D. Pedro de)	Peralta y Barnuevo (D Pedro de)
Peregrini (Matheo)	Peregrini (Matheo)
Pererio Viola (R.P. Martino)	Pererio Viola (R.P Martino)
Pereyra (Antonio)	Pereyra (Antonio)
Pereyra (D. Josef Fausto)	Pereyra (D Josef Fausto)
Pereyra (Manuel)	Pereyra (Manuel)
Perez (Alfonso)	Perez (Alfonso)
Pérez (Antonio)	Pérez (Antonio)
Pérez (D. D. Gerónimo)	Pérez (D D Gerónimo)
Pérez (D. José)	Pérez (D José)
Pérez (D. Vicente)	Pérez (D Vicente)
Pérez de Barga (Bernardo)	Pérez de Barga (Bernardo)
Pérez de Ciega (Diego)	Pérez de Ciega (Diego)
Pérez de Guzmán (Hernán)	Pérez de Guzmán (Hernán)
Pérez de Herrera (D. Christoval)	Pérez de Herrera (D Christoval)
Pérez de Oliva (en. Fernan)	Pérez de Oliva (en Fernan)
Pérez (Didaco)	Pérez (Didaco)
Perez (Fr. Ant.)	Perez (Fr Ant.)
Pérez Ledezma (D. Gonzalo)	Pérez Ledezma (D Gonzalo)
Pérez (Luis)	Pérez (Luis)
Pérez Pastor (D. Miguel)	Pérez Pastor (D Miguel)
Perez Ramirez (Antonio)	Perez Ramirez (Antonio)
Pérez Valiente (D. Petrus José)	Pérez Valiente (D Pedro José)
Pérez Villanueva (D. Pasqual)	Pérez Villanueva (D Pasqual)
Pérez y López (D. D. Antonio Núñez)	Pérez y López (D D Antonio Núñez)
Pérez y López (D. D. Antonio Xabier)	Pérez y López (D D Antonio Xabier)
Pericioni (Jacob)	Pericioni (Jacob)
Perizonii (Jacob)	Perizonii (Jacob)
Perizonii (Jacobi)	Perizonii (Jacobo)
Pero (Francisco)	Pero (Francisco)
Perpiniani (Petri Jo.)	Perpiniani (Pedro Jo.)
Perruchchii (Georgi)	Perruchchii (Georgi)
Petavius (J. Dionisii)	Petavius (J Dionisii)
Petavius (Paulo)	Petavius (Paulo)
Petit (Chr.)	Petit (Chr.)
Petit (Pierre)	Petit (Pedro)
Petite (Fr. Anselmo)	Petite (Fr Anselmo)
Petiti (Samuelis)	Petiti (Samuelis)
Petrarca (Fran.)	Petrarca (Fran.)
Petrarca (Francisco)	Petrarca (Francisco)
Petreii (Joa)	Petreii (Joa)
Petri (Cufidi)	Pedro (Cufidi)
Petri (Iulianii)	Pedro (Iulianii)
Petri toletani (Iuan)	Pedro toletani (Iuan)
Petroni (Satiricon)	Petroni (Satiricon)
Philipino (Io. Christomo)	Philipino (Io Christomo)
Philonides (Iudei)	Philonides (Iudei)
Phrancæ (Georgi)	Phrancæ (Georgi)
Piccarti (Micaelis)	Piccarti (Micaelis)
Piccolominao (Enes Silvio)	Piccolominao (Enes Silvio)
Pichardi (Antoni)	Pichardi (Antoni)
Pichardo Vinuera (Antonio)	Pichardo Vinuera (Antonio)
Picher (D. Antonio)	Picher (D Antonio)
Pichio (Alberto)	Pichio (Alberto)
Pichler (R.P. Pito)	Pichler (R.P Pito)
Pici (Alberti)	Pici (Alberti)
Picineno (P. Filipo)	Picineno (P Filipo)
Pictorii (Guidonici)	Pictorii (Guidonici)
Piedra Buena (M. Antonino)	Piedra Buena (M Antonino)
Pien (S.)	Pien (S.)
Pighii (Stephani)	Pighii (Esteban)
Pignonio (Laurentius)	Pignonio (Laurentius)
Pimentel, M. (D. Enríquez)	Pimentel M (D Enríquez)
Pinciano (P. Alonso López)	Pinciano (P Alonso López)
Pincier (Cunradi)	Pincier (Cunradi)
Pineda (Joanis &)	Pineda (Joanis &)
Pineda (R. Fernando)	Pineda (R Fernando)
Pinedo y Salazar (Dn. Julian &)	Pinedo y Salazar (Dn Julian &)
Pinel y Monrroy (D. Fran.)	Pinel y Monrroy (D Fran.)
Pingarrón (P. Manuel)	Pingarrón (P Manuel)
Pingoni (Feliberi)	Pingoni (Feliberi)
Pinni (D. Rochi)	Pinni (D Rochi)
Pintiani (Ferdinandi)	Pintiani (Ferdinandi)
Pinto Pacheco (Francisco)	Pinto Pacheco (Francisco)
Pinto Sornel (Sarpán)	Pinto Sornel (Sarpán)
Pinuy (Joane)	Pinuy (Joane)
Pio Sexto (Bula de)	Pio Sexto (Bula de)
Piquer (P. Andrés)	Piquer (P Andrés)
Pirci (S. Mariano)	Pirci (S Mariano)
Pirhing (P. Bernicii)	Pirhing (P Bernicii)
Pitaval (Mr. Gayot de)	Pitaval (Mr Gayot de)
Pithoei (Franc.)	Pithoei (Franc.)
Pithoei (Petri)	Pithoei (Pedro)
Pitila y Ruega (D. Andre)	Pitila y Ruega (D Andre)
Pitilla y  Ruega (D. Andrés)	Pitilla y Ruega (D Andrés)
Pizarro (D. Fern.)	Pizarro (D Fern.)
Placii (Vincentii)	Placii (Vincentii)
Plantii (Cl. Actii)	Plantii (Cl Actii)
Plantin (Jean Baptiste)	Plantin (Juan Baptiste)
Plara et Monara (D. Petri)	Plara et Monara (D Pedro)
Plauti (cum Acci)	Plauti (cum Acci)
Plini (C.)	Plini (C.)
Plini Caecili Secundi (C.)	Plini Caecili Secundi (C.)
Plini (Caii)	Plini (Caii)
Plini Secundi (Caii)	Plini Secundi (Caii)
Plinio (C.)	Plinio (C.)
Plinio (layo)	Plinio (layo)
Plubinell (P. Antonio)	Plubinell (P Antonio)
Pluche (El Abad)	Pluche (El Abad)
Pluche (M.)	Pluche (M.)
Plumier (R.P. Charles)	Plumier (R.P Carlos)
Plutarchus (Efigies Virorum Belli ca Virtute Illustrium)	Plutarchus (Efigies Virorum Belli ca Virtute Illustrium)
Poblacion (Jo. Martino)	Poblacion (Jo Martino)
Pocha (D. Diego)	Pocha (D Diego)
Polignac (Cudhionis & Fratrum heres)	Polignac (Cudhionis & Fratrum heres)
Polini (Carol.)	Polini (Carol.)
Polion (Vitruvio)	Polion (Vitruvio)
Politiani (Angeli)	Politiani (Angeli)
Polleti (Franc.)	Polleti (Franc.)
Polo (C. Reginado)	Polo (C Reginado)
Pomar (D. Francisco López)	Pomar (D Francisco López)
Pombal (Marques)	Pombal
Pomey (P. Fran.)	Pomey (P Fran.)
Pómez (Ant.)	Pómez (Ant.)
Pomme (Andre.)	Pomme (Andre.)
Ponce de León (D. Gonzalo)	Ponce de León (D Gonzalo)
Pone (Salvatoris)	Pone (Salvatoris)
Pontani (Io.)	Pontani (Io.)
Pontani (Joannis Iacii)	Pontani (Joannis Iacii)
Pontani (Petri)	Pontani (Pedro)
Pontano (Gio: Giovano)	Pontano (Gio: Giovano)
Ponte (D. Cayetani y Lidonia)	Ponte (D Cayetani y Lidonia)
Ponte (Tom Franc.)	Ponte (Tom Franc.)
Porcathi (Celr. Tomaso)	Porcathi (Celr Tomaso)
Porcée (Carolus)	Porcée (Carlos)
Porcell (D. Francisco Moreno)	Porcell (D Francisco Moreno)
Porphyrogenita (Constantinus)	Porphyrogenita (Constantinus)
Porphyrogenitus (Constantinus)	Porphyrogenitus (Constantinus)
Porreño (Lic. Balthazar)	Porreño (Lic Balthazar)
Porres (D. Francisco)	Porres (D Francisco)
Porro (F. Francisco)	Porro (F Francisco)
Porta (Jo. Baptista)	Porta (Jo Baptista)
Portello (Suidelmius)	Portello (Suidelmius)
Porter (D. Francisco)	Porter (D Francisco)
Portocarrero (D. Diego Sánchez)	Portocarrero (D Diego Sánchez)
Portocarrero (D. Pedro)	Portocarrero (D Pedro)
Portu (D. Dominici de)	Portu (D Dominici de)
Portugal (D. Juan D.)	Portugal (D Juan D.)
Portugues (D. Jose)	Portugues (D Jose)
Possevini (Antonii)	Possevini (Antonio)
Pouget. (P. Fran.)	Pouget (P Fran.)
Pouget. (P. Francisco)	Pouget (P Francisco)
Poza. (Lic. Andrés de)	Poza (Lic Andrés de)
Pozcachi (id.)	Pozcachi (id.)
Pozo. (P. F. Alonso)	Pozo (P F Alonso)
Pracener (P. F. Franciscus)	Pracener (P F Francisco)
Prader (D. M. Jayme)	Prader (D M Jayme)
Prado (D. Baltasar)	Prado (D Baltasar)
Prado (D. Fran. Perez)	Prado (D Fran Perez)
Prado (D. Lorenzo Ramirez D.)	Prado (D Lorenzo Ramirez D.)
Prado (Hieronymus & Jo. Baptistae Vivalpandi)	Prado (Jerónimo & Jo Baptistae Vivalpandi)
Prado (Matheo)	Prado (Matheo)
Prado y Huerta (D. Francisco)	Prado y Huerta (D Francisco)
Prado y Roca (D. Ant. D.)	Prado y Roca (D Ant D.)
Prateli (N.)	Prateli (N.)
Prateyo (Pardul phius)	Prateyo (Pardul phius)
Premo (Petro)	Premo (Petro)
Prezati (Laurenti)	Prezati (Laurenti)
Prieto y Sotelo (D. Antonio Fernandez)	Prieto y Sotelo (D Antonio Fernandez)
Primeros (Jacob)	Primeros (Jacob)
Probus (H. Valerio)	Probus (H Valerio)
Prooho (Luc)	Prooho (Luc)
Prudenti (Angel)	Prudenti (Angel)
Ptolomei Petri Henrici (Elaud)	Ptolomei Pedro Henrici (Elaud)
Puente (D. Fran.)	Puente (D Fran.)
Puente (D. José Cuartines)	Puente (D José Cuartines)
Puente (D. Pedro Antonio)	Puente (D Pedro Antonio)
Puente (F. Juan de la)	Puente (F Juan de la)
Pueyo (Silverio)	Pueyo (Silverio)
Pufendorf (Samuele)	Pufendorf (Samuele)
Puffendorf (Sam.)	Puffendorf (Sam.)
Puga y Rojas (D. Thomas)	Puga y Rojas (D Tomás)
Pugae et Feijoo (D. Io.)	Pugae et Feijoo (D Io.)
Puig. (D. Santiago)	Puig (D Santiago)
Puimayor y Ordaz (Dn. Felix)	Puimayor y Ordaz (Dn Felix)
Puisegur (M. de Marquis de)	Puisegur (M de Marquis de)
Pulgar (D. D. Pedro Fernandez)	Pulgar (D D Pedro Fernandez)
Pulgar (D. Fernando del)	Pulgar (D Fernando del)
Pulgar (Hernando de)	Pulgar (Hernando de)
Punckmanni et Alij (D. Tridencii)	Punckmanni et Alij (D Tridencii)
Puteani (Petri)	Puteani (Pedro)
Puteano (Enrico)	Puteano (Enrico)
Putei (Cardinalis D. Jacobi)	Putei (Cardinalis D Jacobo)
Puteo (Paris de)	Puteo (Paris de)
Putherbei (Gabrielis)	Putherbei (Gabrielis)
Putteay (Enrico)	Putteay (Enrico)
Pyra (D. Francisco)	Pyra (D Francisco)
Quadrilero (Ilmo. Sr. D. Cayetano)	Quadrilero (Sr D Cayetano)
Quenstadi (Jo. Andreae)	Quenstadi (Jo Andreae)
Querini (Gio Antonio)	Querini (Gio Antonio)
Quesada (D. Antonio)	Quesada (D Antonio)
Quevedo (D. Francisco)	Quevedo (D Francisco)
Quevedo y Villegas (D. Fran.)	Quevedo y Villegas (D Fran.)
Quijano (D. Gabriel)	Quijano (D Gabriel)
Quiney (Marques de)	Quiney
Quintana (Jerónimo)	Quintana (Jerónimo)
Quintanaduennae (Antonio)	Quintanaduennae (Antonio)
Quintanadueñas (Antonio)	Quintanadueñas (Antonio)
Quintanilla (P. Petr.)	Quintanilla (P Petr.)
Quintero (Fernito Carlos)	Quintero (Fernito Carlos)
Quintiliani (M. Fab.)	Quintiliani (M Fab.)
Quiñones (D. Josep)	Quiñones (D Josep)
Quiñones (D. Juan de Allery)	Quiñones (D Juan de Allery)
Quiñones (Il,o. D. Pedro)	Quiñones (Ilo D Pedro)
Quiñones (Juan de)	Quiñones (Juan de)
Quiñonez (D. Francisco)	Quiñonez (D Francisco)
Quiñonez (D. Juan)	Quiñonez (D Juan)
Quiñonez (D. Juan de)	Quiñonez (D Juan de)
Rachelis (Samuelis)	Rachelis (Samuelis)
Racine (Luis)	Racine (Luis)
Rada (D. Francisco Antonio)	Rada (D Francisco Antonio)
Rades (Fr. Franc. L.)	Rades (Fr Franc L.)
Ragis (Mr. le)	Ragis (Mr le)
Rajas (Paulus de)	Rajas (Pablo de)
Rami. (Patris)	Rami (Patris)
Ramirez (D. Petrus)	Ramirez (D Pedro)
Ramirez de Arellano (D. Luis)	Ramirez de Arellano (D Luis)
Ramirez de Carrion (Manuel)	Ramirez de Carrion (Manuel)
Ramirez de Lugue (D. Fernando)	Ramirez de Lugue (D Fernando)
Ramirez de Prado (D. Alfonso)	Ramirez de Prado (D Alfonso)
Ramirez de Trapera (Albanis)	Ramirez de Trapera (Albanis)
Ramirez (Diego)	Ramirez (Diego)
Ramirez (F. Iacobo)	Ramirez (F Iacobo)
Ramirez y Gongora (D. Manuel)	Ramirez y Gongora (D Manuel)
Ramnio (ett. Gio. Batt.)	Ramnio (ett Gio Batt.)
Ramo (D. Antonio)	Ramo (D Antonio)
Ramo (S. Francisci)	Ramo (S Francisco)
Ramo (Viatorum)	Ramo (Viatorum)
Ramos (D. Fran.)	Ramos (D Fran.)
Ramos del Manzano (D. Fran.)	Ramos del Manzano (D Fran.)
Ramques (D. Antonio)	Ramques (D Antonio)
Rapin (Cur.)	Rapin (Cur.)
Rapin (Moigras)	Rapin (Moigras)
Rapolla (Franc.)	Rapolla (Franc.)
Raulin (Cllr.)	Raulin (Cllr.)
Rauzell (Micael)	Rauzell (Micael)
Ravizio Fertonii (Joannis)	Ravizio Fertonii (Joannis)
Raynal (cll. L'Abbe)	Raynal (cll L'Abbe)
Raynandi (R. P. Theophili)	Raynandi (R P Theophili)
Rebbufo (D. Petri)	Rebbufo (D Pedro)
Rebolledo (Conde de)	Rebolledo
Rebolledo (D. Benito)	Rebolledo (D Benito)
Rebolledo (D. Bernardino)	Rebolledo (D Bernardino)
Rechenberg (Adamus)	Rechenberg (Adamus)
Redarmer (Jace)	Redarmer (Jace)
Regii (P. Rami)	Regii (P Rami)
Regio (Joanis de)	Regio (Joanis de)
Regio Monte (To. de)	Regio Monte (To de)
Regmut (Mr. El Abate)	Regmut (Mr El Abate)
Reiffertuel (P. Fr. c. Anacletus)	Reiffertuel (P Fr c Anacletus)
Reimanni (Jacobus)	Reimanni (Jacobo)
Reineccius Steinheimius (Reynex)	Reineccius Steinheimius (Reynex)
Reinessi (Thoma)	Reinessi (Thoma)
Relandi (Letri)	Relandi (Letri)
Remigio (M.)	Remigio (M.)
Remmeri (Cristaei)	Remmeri (Cristaei)
Remmero Leonino (Elia)	Remmero Leonino (Elia)
Rengifo (Juan Diaz)	Rengifo (Juan Diaz)
Reronicay (Ant. Jos.)	Reronicay (Ant Jos.)
Resendi (da)	Resendi (da)
Respublica (Elvetiorum)	Respublica (Elvetiorum)
Reuterfel (Jacobus)	Reuterfel (Jacobo)
Revardi (Tae)	Revardi (Tae)
Revulgo (Mingo)	Revulgo (Mingo)
Reydelio (Georgio Martino)	Reydelio (Georgio Martino)
Reymani (Herm. Sam)	Reymani (Herm Sam)
Reynoso (Micaele de)	Reynoso (Micaele de)
Rhodigini (Ludovici Caelii)	Rhodigini (Luis Caelii)
Rhua (El 13º)	Rhua (El 13º)
Riano y Salamanca (Lic. D. Antonio)	Riano y Salamanca (Lic D Antonio)
Ribadeneira (Fr. Cuartero)	Ribadeneira (Fr Cuartero)
Ribadeneira Nogerol (D. D. Pedro Diaz)	Ribadeneira Nogerol (D D Pedro Diaz)
Ribadeneira (P. Antonio Taquin)	Ribadeneira (P Antonio Taquin)
Ribadeneira (P. Pedro)	Ribadeneira (P Pedro)
Riballii (Aymar)	Riballii (Aymar)
Ribera (Alonso)	Ribera (Alonso)
Ribera (Anastasio Pantaleon)	Ribera (Anastasio Pantaleon)
Ribera (D. Fadrique Enriquez)	Ribera (D Fadrique Enriquez)
Ribera (D. Juan María)	Ribera (D Juan María)
Ribera (F. Manuel Ben.)	Ribera (F Manuel Ben.)
Ribera (Francisci)	Ribera (Francisco)
Ribera (Francisco)	Ribera (Francisco)
Ribera (Illm. Bartholome)	Ribera (Illm Bartholome)
Ribera Márques (D. Pedro de)	Ribera Márques (D Pedro de)
Riberae (R.P. Francisci)	Riberae (R.P Francisco)
Ribero (Antonio Luis)	Ribero (Antonio Luis)
Ribio (Thom.)	Ribio (Thom.)
Riboney (Georg Heine)	Riboney (Georg Heine)
Ricci (Pablo)	Ricci (Pablo)
Riccio (Michaelis)	Riccio (Miguel)
Richard de Beauregard (D. Carlos)	Richard de Beauregard (D Carlos)
Richenii (Christophori)	Richenii (Christophori)
Richeri (Jo.)	Richeri (Jo.)
Ridderi (Franc.)	Ridderi (Franc.)
Rieger (Pauli Josephi)	Rieger (Pablo Josephi)
Rieggeri (Jo. Ant.)	Rieggeri (Jo Ant.)
Rigalti (Nicolai)	Rigalti (Nicolás)
Rio (Cuartini del)	Rio (Cuartini del)
Rio (D. Vicente de)	Rio (D Vicente de)
Rioja (D. Francisco de)	Rioja (D Francisco de)
Rios (Carlos)	Rios (Carlos)
Rios Carquero (D. Jusef de los)	Rios Carquero (D Jusef de los)
Ripae (Lodovici)	Ripae (Lodovici)
Ripalda (P. Geronymo)	Ripalda (P Geronymo)
Ripia (Juan de la)	Ripia (Juan de la)
Ripoll (D. Acacio)	Ripoll (D Acacio)
Risel (Joannis Jacovi)	Risel (Joannis Jacovi)
Riterrhunio (Nicolaus)	Riterrhunio (Nicolás)
Rivo (Guilhelmi D.)	Rivo (Guilhelmi D.)
Rizo (Juan Pablo Martír)	Rizo (Juan Pablo Martír)
Roa Davila (D. J. de)	Roa Davila (D J de)
Roa (S. Martin de)	Roa (S Martin de)
Robert (Matthias)	Robert (Matthias)
Robertelli (Franciscus)	Robertelli (Francisco)
Robertii (Ant.)	Robertii (Ant.)
Robertii (Jo.)	Robertii (Jo.)
Robertii (R.P. Johanne)	Robertii (R.P Johanne)
Robertson (Cll.)	Robertson (Cll.)
Robles (Blas)	Robles (Blas)
Robles (Francisci B.)	Robles (Francisco B.)
Robles (M. Eugenio de)	Robles (M Eugenio de)
Robles Vives (Lic. D. Antonio)	Robles Vives (Lic D Antonio)
Roca (Conde de la Roca)	Roca (de la Roca)
Rocaberti (D. Ramon Domingo de)	Rocaberti (D Ramon Domingo de)
Rocacura (F. Fing)	Rocacura (F Fing)
Rocca (D. Vicente)	Rocca (D Vicente)
Rocca (Fr. Angelus)	Rocca (Fr Angelus)
Rocha (Fran. dela Rocha)	Rocha (Fran dela Rocha)
Rochani (Antichi)	Rochani (Antichi)
Roche foucaul (ouvr. dela)	Roche foucaul (ouvr dela)
Rocis (Francisco de)	Rocis (Francisco de)
Roda y Vayon (D. Juan B.)	Roda y Vayon (D Juan B.)
Rodes y Andrea (Fr. Francisco L.)	Rodes y Andrea (Fr Francisco L.)
Rodríguez  De Almella (Diego)	Rodríguez De Almella (Diego)
Rodríguez Aumente (D. Domingo)	Rodríguez Aumente (D Domingo)
Rodríguez (D. Christoval)	Rodríguez (D Christoval)
Rodríguez (D. Ramón Carlos)	Rodríguez (D Ramón Carlos)
Rodriguez de Fonseca (Lic. D. Bartholome Augustin)	Rodriguez de Fonseca (Lic D Bartholome Augustin)
Rodriguez Enríquez (D. Pedro)	Rodriguez Enríquez (D Pedro)
Rodríguez (F. José)	Rodríguez (F José)
Rodríguez (J. Juan)	Rodríguez (J Juan)
Rodríguez Jordán (D. Salvador)	Rodríguez Jordán (D Salvador)
Rodriguez (M. D. Antonio Josef)	Rodriguez (M D Antonio Josef)
Rodríguez (M. D. José)	Rodríguez (M D José)
Rodríguez Mendoza (Ilmo. Dr. Fr. Francisco)	Rodríguez Mendoza (Dr Fr Francisco)
Rodríguez (P. Fr. Ammanuele)	Rodríguez (P Fr Ammanuele)
Rodríguez (R. P. M. José)	Rodríguez (R P M José)
Rodríguez (Rodrigo)	Rodríguez (Rodrigo)
Roffenni (Joanne)	Roffenni (Joanne)
Rogeranii (Io.)	Rogeranii (Io.)
Rogerio (Constantio)	Rogerio (Constantio)
Rohan (M. L. Dnc.)	Rohan (M L Dnc.)
Roias (D. Ioannis)	Roias (D Ioannis)
Roig (V. Jayme)	Roig (V Jayme)
Roig y iapi (Fr. Iuan Gaspar)	Roig y iapi (Fr Iuan Gaspar)
Roigii (Antonii)	Roigii (Antonio)
Roioumont (Le Sieur)	Roioumont (Le Sieur)
Rois (Fran. Nob.)	Rois (Fran Nob.)
Rojas (D. Antonio)	Rojas (D Antonio)
Rojas (D. Christoval de)	Rojas (D Christoval de)
Rojas (D. Fernando)	Rojas (D Fernando)
Rojas (D. Pedro)	Rojas (D Pedro)
Rojas (El Illmo. D. Bernardo)	Rojas (El Illmo D Bernardo)
Rojas (Episcopi Toannii)	Rojas (Episcopi Toannii)
Rojas et Almansa (D.D. Josephus)	Rojas et Almansa (D Josephus)
Rojas (Ilmo. Francisco de)	Rojas (Francisco de)
Rojas (Joannis)	Rojas (Joannis)
Rojas y Aquila (D. Hermenegildo)	Rojas y Aquila (D Hermenegildo)
Rollin (Carlos)	Rollin (Carlos)
Roma (F. Gil)	Roma (F Gil)
Roma (Fr. Gil)	Roma (Fr Gil)
Roma y Rosell (D. D. Francisco)	Roma y Rosell (D D Francisco)
Román Melendez (Lcdo. D. Pedro)	Román Melendez (Lcdo D Pedro)
Román (P. Manuel)	Román (P Manuel)
Romano (D. Juan)	Romano (D Juan)
Romerio de la Cavallería (D. Francisco)	Romerio de la Cavallería (D Francisco)
Romero (Fr. Francisco)	Romero (Fr Francisco)
Romey (Conde Annibal)	Romey (Annibal)
Ronsor (Juan Christoval)	Ronsor (Juan Christoval)
Ros ureydi (Heribeuti)	Ros ureydi (Heribeuti)
Rosa (D.D. Joseph)	Rosa (D Joseph)
Roscus (Guillelmus)	Roscus (Guillelmus)
Roseau (Mr. J.J.)	Roseau (Mr J.J.)
Roseli (D. Antonio Gregorii)	Roseli (D Antonio Gregorio)
Rosello (Pedro)	Rosello (Pedro)
Rosenthal (Henris)	Rosenthal (Henris)
Roseus (S. Guilelmus)	Roseus (S Guilelmus)
Rosini (Joan.)	Rosini (Joan.)
Roslero (Joh. Eberhardo)	Roslero (Joh Eberhardo)
Roterodami (Eravmi)	Roterodami (Eravmi)
Roth. Scholtzii (Fridenici)	Roth Scholtzii (Fridenici)
Rousset (Mr)	Rousset (Mr)
Rousx (M. Le)	Rousx (M Le)
Rov (Gerard.)	Rov (Gerard.)
Rovichon (Fran.Co.)	Rovichon (Fran.Co.)
Rovillius (Guilielmus)	Rovillius (Guilielmus)
Roy (Hugonis de)	Roy (Hugonis de)
Ruaci (Carolus)	Ruaci (Carlos)
Ruano (D. Francisco Navarro)	Ruano (D Francisco Navarro)
Ruano (D. Miguel)	Ruano (D Miguel)
Ruano (P. Francisco)	Ruano (P Francisco)
Rubei (Theodori)	Rubei (Theodori)
Rubio (Dr. Palacio)	Rubio (Dr Palacio)
Rufo (Juan)	Rufo (Juan)
Rufo (Reymundo)	Rufo (Reymundo)
Rufo (Seroti)	Rufo (Seroti)
Ruiz (Benito)	Ruiz (Benito)
Ruiz de Vergara (Sr. D. Francisco)	Ruiz de Vergara (Sr D Francisco)
Ruiz de Zelada (D. Jose)	Ruiz de Zelada (D Jose)
Ruiz Mñz (Dn Juan)	Ruiz Mñz (Dn Juan)
Ruiz (P. Antonio)	Ruiz (P Antonio)
Ruiz (P. Fr. Francisco)	Ruiz (P Fr Francisco)
Rumiane (D. Toribio de la)	Rumiane (D Toribio de la)
Ruponti (Christoforus Adamii)	Ruponti (Christoforus Adamii)
Rurbequi (Eilenius)	Rurbequi (Eilenius)
Ruscelli (Geronimo)	Ruscelli (Geronimo)
Rustant (D. Jose)	Rustant (D Jose)
Rutgenii (Jani)	Rutgenii (Jani)
Rutilii Tauri (Polladii)	Rutilii Tauri (Polladii)
Rutilio (Bertando et Protio)	Rutilio (Bertando et Protio)
Rybeiro de  Macedo (D. Rodrigo)	Rybeiro de Macedo (D Rodrigo)
Ryegui (Iusti)	Ryegui (Iusti)
Ryibisch (P. Sigefridi)	Ryibisch (P Sigefridi)
S. Antonio (P.F. Joanne)	S Antonio (F Joanne)
S. Benedicto (F. Josephi a)	S Benedicto (F Josephi a)
S. Maria (V.P.D. Josep de)	S Maria (D Josep de)
S. Thomas (Ilm. D. F. Alonso)	S Tomás (Ilm D F Alonso)
Saavedra (D. Diego)	Saavedra (D Diego)
Saavedra y Fajardo (D. Diego)	Saavedra y Fajardo (D Diego)
Saavedra y Rivadeneira (D. Fernando)	Saavedra y Rivadeneira (D Fernando)
Sabani (Jacques)	Sabani (Jacobo)
Sabbecii (Petri)	Sabbecii (Pedro)
Sacrobosco (Joan.)	Sacrobosco (Joan.)
SadoletI (Thom. Jacobi)	SadoletI (Thom Jacobo)
Sáenz de Aguirre (Josef)	Sáenz de Aguirre (Josef)
Saez (P. Fr. Liciniano)	Saez (P Fr Liciniano)
Sagittari (Gasparis)	Sagittari (Gasparis)
Saint Evremont (euvres)	Saint Evremont (euvres)
Saint Julien (Pierre de)	Saint Julien (Pedro de)
Sainte Marthe (P. de)	Sainte Marthe (P de)
Sala (P. Ignacio)	Sala (P Ignacio)
Sala (Pascaio)	Sala (Pascaio)
Sala (R.P.M. Fray Agustín)	Sala (R.M Agustín)
Sala y Abarca (P. Francisco Ventura)	Sala y Abarca (P Francisco Ventura)
Salar... y Carmona (D. Fran.)	Salar y Carmona (D Fran.)
Salarza (P. Farciae)	Salarza (P Farciae)
Salas (D. Fran. Gregorio)	Salas (D Fran Gregorio)
Salas (Josefi Antoni de)	Salas (Josefi Antoni de)
Salazar (Ambrosio)	Salazar (Ambrosio)
Salazar (D. Antonio Martinez)	Salazar (D Antonio Martinez)
Salazar (D. D. Pedro)	Salazar (D D Pedro)
Salazar (D.° Ignacio)	Salazar (D.° Ignacio)
Salazar de la Cámara (D. Jose)	Salazar de la Cámara (D Jose)
Salazar (F. Stephano)	Salazar (F Stephano)
Salazar (Pedro de)	Salazar (Pedro de)
Salazar y Castro (D. Luis)	Salazar y Castro (D Luis)
Salazar y Mendoza (D. Pedro)	Salazar y Mendoza (D Pedro)
Salcedo (D. García)	Salcedo (D García)
Salcedo (D. Pedro Gonzalez)	Salcedo (D Pedro Gonzalez)
Salcedo (Figueroa D. Gaspar)	Salcedo (Figueroa D Gaspar)
Salcedo (Lic. Dn. Pedro González de)	Salcedo (Lic Dn Pedro González de)
Salcedo (R. P. Hieronimi)	Salcedo (R P Hieronimi)
Salcedo y Azcona (M. D. Luis del Cuento)	Salcedo y Azcona (M D Luis del Cuento)
Saldeni (Guilielmi)	Saldeni (Guilielmi)
Salermo (D. re T. Baptista)	Salermo (D re T Baptista)
Sales (S. Francisco S.)	Sales (S Francisco S.)
Salgado Somoza (D. Francisco)	Salgado Somoza (D Francisco)
Salgado y Camargo (P. Fernando)	Salgado y Camargo (P Fernando)
Salinas (Fr. Miguel)	Salinas (Fr Miguel)
Salinas (lic.)	Salinas (lic.)
Salinas Viñuela (D. Michael S.)	Salinas Viñuela (D Miguel S.)
Sallent (Sor Mariana)	Sallent (Sor Mariana)
Salmanio (Claud.)	Salmanio (Claud.)
Salmeron (F. Pascual)	Salmeron (F Pascual)
Salomon (Antonio)	Salomon (Antonio)
Salomon, y Gelabert (D.D.)	Salomon y Gelabert (D.)
Salon de Pace (Sidaco Burgensi)	Salon de Pace (Sidaco Burgensi)
Saloni (Nicolo')	Saloni (Nicolo')
Salonis de Paz (clari)	Salonis de Paz (clari)
Saluti (Christoph)	Saluti (Christoph)
Saly (P. Petrus S.)	Saly (P Pedro S.)
Samaniego (Dn. Félix María de)	Samaniego (Dn Félix María de)
Sambergio (P.)	Sambergio (P.)
Sambuci (To.)	Sambuci (To.)
Sambucii Pannonii (To.)	Sambucii Pannonii (To.)
Sampere (Franc.)	Sampere (Franc.)
Sampier (Dn. Fr. Hipólito de)	Sampier (Dn Fr Hipólito de)
San Alberto (Fr. Jose Antonio)	Alberto (Fr Jose Antonio)
San Felipe (Marqués de)	Felipe (Marqués de)
San Gil (Marques de)	Gil
San Jeronimo (Sor Anna de)	Jeronimo (Sor Anna de)
San José (El Ilm. Y Rmo Dn.Miguel De)	José (El Ilm Y Dn.Miguel De)
San José (P. Fr. Gerónimo de)	José (P Fr Gerónimo de)
San Juan Bautista (F. Agustín)	Juan Bautista (F Agustín)
San Juan (J. Fran.)	Juan (J Fran.)
San Pedro de Alcántara (Fr. Domingo de Palma)	Pedro de Alcántara (Fr Domingo de Palma)
San Pedro (Diego A.)	Pedro (Diego A.)
San Pedro (P. Benito de)	Pedro (P Benito de)
San Román (Fr. Antonio D.)	Román (Fr Antonio D.)
Sanazarí (Jacob)	Sanazarí (Jacob)
Sánchez (Abate D. Ángel)	Sánchez (Abate D Ángel)
Sanchez (D. Diego)	Sanchez (D Diego)
Sánchez (D. Pedro Antonio)	Sánchez (D Pedro Antonio)
Sanchez de Feria y Morales (D. Bartholome)	Sanchez de Feria y Morales (D Bartholome)
Sánchez de la Valleta (Alonso)	Sánchez de la Valleta (Alonso)
Sánchez de Villajos (D. Matheo)	Sánchez de Villajos (D Matheo)
Sánchez (Francisco)	Sánchez (Francisco)
Sanchez (P. Marchias)	Sanchez (P Marchias)
Sanchez (P. Thomas Antonio)	Sanchez (P Tomás Antonio)
Sanchez (R. P. Thomas)	Sanchez (R P Tomás)
Sanchez Santiago (D. Antonio)	Sanchez Santiago (D Antonio)
Sancta Ma (Rhodericus Ferdinandus)	Sancta Ma (Rhodericus Ferdinandus)
Sancta Maria (Dn. Pauli de)	Sancta Maria (Dn Pablo de)
Sancta Maria (S. Honoratus)	Sancta Maria (S Honoratus)
Sancte Marthe (Louix)	Sancte Marthe (Louix)
Sancterelli (Antoni)	Sancterelli (Antoni)
Sancti (Alfonso)	Sancti (Alfonso)
Sancti (Ambrosii)	Sancti (Ambrosii)
Sancti (Augustini)	Sancti (Agustín)
Sancti (Basili)	Sancti (Basili)
Sancti (Bernardini)	Sancti (Bernardini)
Sancti (Bonaventurae)	Sancti (Bonaventurae)
Sancti (Cesarii Episcopi)	Sancti (Cesarii Episcopi)
Sancti (Cirilli)	Sancti (Cirilli)
Sancti (Dionysii)	Sancti (Dionysii)
Sancti (Epifanii)	Sancti (Epifanii)
Sancti (Eulogii)	Sancti (Eulogii)
Sancti (Jerominii)	Sancti (Jerominii)
Sancto Augustino (R.P. M. F. Hieronymo a)	Sancto Augustino (R.P M F Hieronymo a)
Sancto Josepho (P.P. Michaelis)	Sancto Josepho (P Miguel)
Sandei (Felini)	Sandei (Felini)
Sandery (Antonius)	Sandery (Antonio)
Sandoval (D. Francisco)	Sandoval (D Francisco)
Sandoval (Hl. D. F. Prudencio)	Sandoval (Hl D F Prudencio)
Sandoval (Roque de)	Sandoval (Roque de)
Sanmarco (Ottavio)	Sanmarco (Ottavio)
Sanovino (M. Francisco)	Sanovino (M Francisco)
Sant Pierre (M. l'Abbé de)	Sant Pedro (M l'Abbé de)
Santa Maria (F. Francisco)	Maria (F Francisco)
Santa Maria (Fr. Antonio de)	Maria (Fr Antonio de)
Santamaria (D. Vicente)	Santamaria (D Vicente)
Santans (D. Juan)	Santans (D Juan)
Santayana Brutillo (Dr.  D. Lorenzo)	Santayana Brutillo (Dr D Lorenzo)
Santayana (Laurent.)	Santayana (Laurent.)
Santius. (Thomas)	Santius (Tomás)
Santo (Fr. Fivelis)	(Fr Fivelis)
Santos (D. Francisco)	Santos (D Francisco)
Santos (P.. Fr. de)	Santos (P Fr de)
Sanvii. (F. Francisci)	Sanvii (F Francisco)
Sarajin (cit.)	Sarajin (cit.)
Sarasion (D. Ludovico à)	Sarasion (D Ludovico à)
Sarbievii (Mathiae Carimini)	Sarbievii (Mathiae Carimini)
Sardina Mimoso (Juan)	Sardina Mimoso (Juan)
Sarmiento de Gamboa (Pedro)	Sarmiento de Gamboa (Pedro)
Sarmiento (Franciscus)	Sarmiento (Francisco)
Sarmiento (P. F. Martín)	Sarmiento (P F Martín)
Sarramendi (D. Manuel)	Sarramendi (D Manuel)
Sarribeniensis (Toa)	Sarribeniensis (Toa)
Sarti (Alexandri)	Sarti (Alexandri)
Sarvini (Omfri)	Sarvini (Omfri)
Sarzana (Jacobus)	Sarzana (Jacobo)
Sarzii (Wolfgangi)	Sarzii (Wolfgangi)
Satomi (Bartholomaei)	Satomi (Bartholomaei)
Saulus (Largual)	Saulus (Largual)
Saura (Antonii de)	Saura (Antonio de)
Sauromani (Georgii)	Sauromani (Jorge)
Sautel (P. Pedro Turti)	Sautel (P Pedro Turti)
Sauve (Cllr.)	Sauve (Cllr.)
Savaniego (Garbar)	Savaniego (Garbar)
Savino (D. Oliva)	Savino (D Oliva)
Savonanole (Hijeronimi)	Savonanole (Hijeronimi)
Savonien (Mr.)	Savonien (Mr.)
Savot (Loris)	Savot (Loris)
Sayas Ravanera y Ortubia (D. Francisco Diego de)	Sayas Ravanera y Ortubia (D Francisco Diego de)
Scalae (Pacius)	Scalae (Pacius)
Scaligeri (Josephi)	Scaligeri (Josephi)
Scaligeri (Josephi praecedent. filii)	Scaligeri (Josephi praecedent filii)
Scaligeri (Julii Caesaris)	Scaligeri (Julii Caesaris)
Scals y Zalcedo (D.° Diego de)	Scals y Zalcedo (D.° Diego de)
Schamaneri (Guntheri Christophori)	Schamaneri (Guntheri Christophori)
Schambourg Lippe (Conde de)	Schambourg Lippe
Schardii (Simonis)	Schardii (Simonis)
Schefferi (Jo.)	Schefferi (Jo.)
Schefferi (Petr.)	Schefferi (Petr.)
Scheidio (Balthazare)	Scheidio (Balthazare)
Schelhornius (Jo. Georg.)	Schelhornius (Jo Georg.)
Schildio (Jo.)	Schildio (Jo.)
Schmidt (Joh.)	Schmidt (Joh.)
Schmier (C. Franc.)	Schmier (C Franc.)
Schneidt (Josef.)	Schneidt (Josef.)
Schoni (Anton.)	Schoni (Anton.)
Schonverner (Georgius)	Schonverner (Jorge)
Schonwetterus (Jo. Joseph.)	Schonwetterus (Jo Joseph.)
Schotti (And.)	Schotti (And.)
Schotto (D. Francisco)	Schotto (D Francisco)
Schraderi (D. Ludolphi)	Schraderi (D Ludolphi)
Schrevelii (Cornel.)	Schrevelii (Cornel.)
Schultingii (Antonii)	Schultingii (Antonio)
Schurman (Annae Mariae)	Schurman (Annae Mariae)
Schwara (P. Ignacio)	Schwara (P Ignacio)
Schwartii (Joachimi)	Schwartii (Joachimi)
Scialae (Victorii)	Scialae (Victorii)
Scioppii (Gasparis)	Scioppii (Gasparis)
Scotto (Francisco)	Scotto (Francisco)
Scribani (Carolus)	Scribani (Carlos)
Scribentii (Petri)	Scribentii (Pedro)
Seaman (Gulielmo)	Seaman (Gulielmo)
Sebeus (Joph.)	Sebeus (Joph.)
Sebiard (Thoma)	Sebiard (Thoma)
Secastilla (D. Josef Perez)	Secastilla (D Josef Perez)
Secundi Hajienis (Tom.)	Secundi Hajienis (Tom.)
Secundus (Raymundus)	Secundus (Raymundus)
Securis (C.V.)	Securis (C.V.)
Sedecma (Hyeronymo)	Sedecma (Hyeronymo)
Sedeni (Ira)	Sedeni (Ira)
Sedeño (Juan)	Sedeño (Juan)
Seduli (Fr. Enrici)	Seduli (Fr Enrici)
Séganus (Enen Relii)	Séganus (Enen Relii)
Segovia (D. Gaspar Ybanñez de)	Segovia (D Gaspar Ybanñez de)
Segovia (Jo.)	Segovia (Jo.)
Segundi (Petri)	Segundi (Pedro)
Segura Davalos (Jo.)	Segura Davalos (Jo.)
Segura (Didaci)	Segura (Didaci)
Segura (Fr. Bartholomei)	Segura (Fr Bartholomei)
Segura (Fr. Jacinto)	Segura (Fr Jacinto)
Segura (Jaime)	Segura (Jaime)
Segura (Martinus)	Segura (Martinus)
Seipasy Lobera (D. Fran. de)	Seipasy Lobera (D Fran de)
Seivel (Claude)	Seivel (Claude)
Selvagio (Julio Laurentio)	Selvagio (Julio Laurentio)
Semmedo (P. Albaro)	Semmedo (P Albaro)
Sempeni (Andrée)	Sempeni (Andrée)
Semperet Guaring (D. Juan)	Semperet Guaring (D Juan)
Senali (Roberto)	Senali (Roberto)
Senaut (D. Juan Francisco)	Senaut (D Juan Francisco)
Senckenberg (Henrici Christiani)	Senckenberg (Henrici Christiani)
Senecae (L. Annaci)	Senecae (L Annaci)
Senni (Giacinti)	Senni (Giacinti)
Sentmanat de Castellon (Exmo. D. Antonino)	Sentmanat de Castellon (D Antonino)
Sepulveda (D. Juan Gines de)	Sepulveda (D Juan Gines de)
Sepulveda (Seniens)	Sepulveda (Seniens)
Serna (D. Marco Bravo de la)	Serna (D Marco Bravo de la)
Serpi (Fr. Dimas)	Serpi (Fr Dimas)
Serra y Ferragut (D. Buenaventura)	Serra y Ferragut (D Buenaventura)
Serrani Valenti (tome)	Serrani Valenti (tome)
Serrano (D. Josef)	Serrano (D Josef)
Serrano (Lic. Domingo)	Serrano (Lic Domingo)
Serre (Sr. de la)	Serre (Sr de la)
Sertor (D. Gaetano)	Sertor (D Gaetano)
Servie (Lar. Mr.)	Servie (Lar Mr.)
Servita (R.P. Paolo)	Servita (R.P Paolo)
Sese (Josef de)	Sese (Josef de)
Seta (P. Valerio)	Seta (P Valerio)
Settala (Ludovico)	Settala (Ludovico)
Sevi (Jo. Cristiano)	Sevi (Jo Cristiano)
Sevieri (D. Pablo)	Sevieri (D Pablo)
Sevillano (D. Nicasio)	Sevillano (D Nicasio)
Sfortia (Cardinalis Robertus)	Sfortia (Cardinalis Robertus)
Sfrondati (Coelestino Car.)	Sfrondati (Coelestino Car.)
Sfrondati (Emmy Coelestinus)	Sfrondati (Emmy Coelestinus)
Sicardo (F. Juan Bautista)	Sicardo (F Juan Bautista)
Siculi (Diodoci)	Siculi (Diodoci)
Sigant de la Ford (cux.)	Sigant de la Ford (cux.)
Sigonii (Carol.)	Sigonii (Carol.)
Siguenza (Fr. Iosef)	Siguenza (Fr Iosef)
Silhon (N.)	Silhon (N.)
Silicey (Io. Martinus)	Silicey (Io Martinus)
Silici (Joannis)	Silici (Joannis)
Sillery (La Marquesa de)	Sillery (La de)
Silva (Rodrigo Mendez)	Silva (Rodrigo Mendez)
Silva (Rodrigo Mendez de)	Silva (Rodrigo Mendez de)
Silvii (Acneae)	Silvii (Acneae)
Simachi (J. Aurelio)	Simachi (J Aurelio)
Simancas (Jacobus)	Simancas (Jacobo)
Simeoni (Gabrielis)	Simeoni (Gabrielis)
Simocattae (Theophilacti)	Simocattae (Theophilacti)
Simon (D. Alfonso)	Simon (D Alfonso)
Simon (D. Juan Antonio)	Simon (D Juan Antonio)
Simon (F. Pedro)	Simon (F Pedro)
Simonetai (Bonifacci)	Simonetai (Bonifacci)
Simoni (F.)	Simoni (F.)
Sims (Mr. James)	Sims (Mr James)
Sinapii (Crucaelisi Aloytii)	Sinapii (Crucaelisi Aloytii)
Singilii (Pub. Cita.)	Singilii (Pub Cita.)
Sirizi (D. Hilario)	Sirizi (D Hilario)
Sirmendi (Jacobus)	Sirmendi (Jacobo)
Sistennet y Feliu (D. Manuel)	Sistennet y Feliu (D Manuel)
Sixtines (Regnerus)	Sixtines (Regnerus)
Slevogtius (Gottlieb)	Slevogtius (Gottlieb)
Smith (Thomas)	Smith (Tomás)
Soarez (Emanuele Laurentio)	Soarez (Emanuele Laurentio)
Sobrino (Francisco)	Sobrino (Francisco)
Socueva Arias Fustero (D. Fernando González de)	Socueva Arias Fustero (D Fernando González de)
Sofía (Pedro Antonio)	Sofía (Pedro Antonio)
Sol (D. Michael et ut alii volunt D. Francisco Serra)	Sol (D Miguel et ut alii volunt D Francisco Serra)
Solanes (D. Francisco)	Solanes (D Francisco)
Solano De Luque (Dr. D. Francisco)	Solano De Luque (Dr D Francisco)
Soler (Bernabé)	Soler (Bernabé)
Soler (D. Philip.)	Soler (D Philip.)
Solini (Julio)	Solini (Julio)
Solis (D.)	Solis (D.)
Solís (D. Alonso)	Solís (D Alonso)
Solis (D. Ant.)	Solis (D Ant.)
Solís (D. Antonio)	Solís (D Antonio)
Solis (Felicianus)	Solis (Felicianus)
Solís (Fr. Antonio)	Solís (Fr Antonio)
Solorzano (Bartolome Salvador)	Solorzano (Bartolome Salvador)
Solorzano (D. Gabriel)	Solorzano (D Gabriel)
Solorzano (D.D. Ioannes)	Solorzano (D Juan)
Solorzano Pereyra (D. Joannes)	Solorzano Pereyra (D Juan)
Somoza de Monserrate (D. Francisco)	Somoza de Monserrate (D Francisco)
Sora (D. Gabriel)	Sora (D Gabriel)
Sora (Ilmo. D. Fr. Francisco)	Sora (D Fr Francisco)
Sorel (Carlos)	Sorel (Carlos)
Soria y Vera (Ilmo. D. Melchor)	Soria y Vera (D Melchor)
Sota (Padre Predicador Fr. Fran.)	Sota (Predicador Fr Fran.)
Soto de Roxas (Lic. Pedro)	Soto de Roxas (Lic Pedro)
Soto (Fr. Dominici)	Soto (Fr Dominici)
Soto (Fr. Iuan)	Soto (Fr Iuan)
Soto (Fr. Petri)	Soto (Fr Pedro)
Soto (Fratris Dominici)	Soto (Fratris Dominici)
Soto (P.Fr. Petro à)	Soto (Fr Petro à)
Sousa (P. Antonii)	Sousa (P Antonio)
Soza (Fr. Gerónimo B.)	Soza (Fr Gerónimo B.)
Spanhemii (Ezechiel)	Spanhemii (Ezechiel)
Spenero (Filippo Jacopo)	Spenero (Filippo Jacopo)
Spiengeni (Just)	Spiengeni (Just)
Spini (Baldassarre)	Spini (Baldassarre)
Spino (Didaco)	Spino (Didaco)
Spizelio (Theophilo)	Spizelio (Theophilo)
Spon (ed.)	Spon (ed.)
Spon (Jacob)	Spon (Jacob)
Spordani (Henrici)	Spordani (Henrici)
Sprengens (Joseph Theodori)	Sprengens (Joseph Theodori)
Springfeldt (Georgii Heinrici)	Springfeldt (Jorge Heinrici)
Squilache (Principe de)	Squilache
Sta. Cruz (F. Juan)	Sta Cruz (F Juan)
Sta. Cruz (Marques de)	Sta Cruz
Sta. Cruz y Dueñas (D. Melchor)	Sta Cruz y Dueñas (D Melchor)
Sta. Ma (Ferdinando de)	Sta Ma (Ferdinando de)
Sta. Maria (F. Juan)	Sta Maria (F Juan)
Stapff (Jo Sigismundi)	Stapff (Jo Sigismundi)
Statii (Achilis)	Statii (Achilis)
Statii Lapini (Pub.)	Statii Lapini (Pub.)
Stefano Francese (Carlo di)	Stefano Francese (Carlo di)
Steinhart (P. Francisco)	Steinhart (P Francisco)
Stela (Fr. Diego)	Stela (Fr Diego)
Stengelio (Georgio)	Stengelio (Georgio)
Stenio (Matheo)	Stenio (Matheo)
Stephani (Carolus)	Esteban (Carlos)
Stephani (Henricus)	Esteban (Henricus)
Stephani (Ithni, Iacobi)	Esteban (Ithni Iacobi)
Stephani (Robert)	Esteban (Robert)
Stephanus (Iosephus)	Esteban (Iosephus)
Stipmanii (Francisci)	Stipmanii (Francisco)
Sto. Thomas (Fr. Fran. de)	Sto Tomás (Fr Fran de)
Stobaei (Ioannes)	Stobaei (Juan)
Strada (Jacob)	Strada (Jacob)
Stradae (Famiani)	Stradae (Famiani)
Strarovolsei (Simoni)	Strarovolsei (Simoni)
Streinii (Richardus)	Streinii (Richardus)
Strödmann (Christophorus)	Strödmann (Christophorus)
Struvii (Burchard Gott)	Struvii (Burchard Gott)
Sturmi (Georgii Adami)	Sturmi (Jorge Adami)
Suarez (D. Cipriani)	Suarez (D Cipriani)
Suarez (D. D. Pedro)	Suarez (D D Pedro)
Suarez (D. Miguel Jeronimo)	Suarez (D Miguel Jeronimo)
Suarez de Alarcon (D. Antonio)	Suarez de Alarcon (D Antonio)
Suarez de Langreo (D. Toribio)	Suarez de Langreo (D Toribio)
Suarez de Salazar (Juan Bautista)	Suarez de Salazar (Juan Bautista)
Suarez Figueroa (Dr. D. Christoval)	Suarez Figueroa (Dr D Christoval)
Suarez (P.D. Francisci)	Suarez (D Francisco)
Suarez (Roderici)	Suarez (Roderici)
Suarez y Cisneros (D. Miguel)	Suarez y Cisneros (D Miguel)
Suckio (To Guilelmo)	Suckio (To Guilelmo)
Suetonii (C.)	Suetonii (C.)
Summonte (Gio. Chit.)	Summonte (Gio Chit.)
Sunicæ (Didaci)	Sunicæ (Didaci)
Sunicæ (Jacobi dopidis)	Sunicæ (Jacobo dopidis)
Surii (Fr. Laurentii)	Surii (Fr Laurentii)
Surlet (Jo à Chokier de)	Surlet (Jo à Chokier de)
Sutholt (Fernandi)	Sutholt (Fernandi)
Suviecius (R.P. Constantino)	Suviecius (R.P Constantino)
Sylbio (Lamberto)	Sylbio (Lamberto)
Sylva (Josef de Seabra)	Sylva (Josef de Seabra)
Sylva (P. Francisco Maria)	Sylva (P Francisco Maria)
Sylveida (Miguel de)	Sylveida (Miguel de)
Sylvestre (Gregorio)	Sylvestre (Gregorio)
Symachi (J. Aurelii)	Symachi (J Aurelii)
Symeoni (Gabriel)	Symeoni (Gabriel)
Syna (Nic.)	Syna (Nic.)
Synphoniani (Iani Sutani)	Synphoniani (Iani Sutani)
Syria (Pedro)	Syria (Pedro)
Taboada (Ilmo. D. Cayetano Gil)	Taboada (D Cayetano Gil)
Taciti (Cornelii)	Taciti (Cornelii)
Talaei (Andronici)	Talaei (Andronici)
Tallada (Thomas Cerdan de)	Tallada (Tomás Cerdan de)
Tamaio de Vargas (F. Thomas)	Tamaio de Vargas (F Tomás)
Tamillio (Luis)	Tamillio (Luis)
Tamora (Alphonsi)	Tamora (Alphonsi)
Tanco (Diaz)	Tanco (Diaz)
Tapia (D. Gregorio)	Tapia (D Gregorio)
Tapia (D. Juan)	Tapia (D Juan)
Tapia (Lic. D. Juan de)	Tapia (Lic D Juan de)
Tapia y Salcedo (D. Gregorio)	Tapia y Salcedo (D Gregorio)
Tarapha (Canónigo Francisco)	Tarapha (Canónigo Francisco)
Targa (D. Carlos)	Targa (D Carlos)
Tari (Cll. Longier)	Tari (Cll Longier)
Tarin (Mr.)	Tarin (Mr.)
Tarsia (D. Pablo Antonio de)	Tarsia (D Pablo Antonio de)
Tarso (Torquato)	Tarso (Torquato)
Tassi (D. Juan)	Tassi (D Juan)
Tassoni (D. Alessandro)	Tassoni (D Alessandro)
Tatii (Achilis)	Tatii (Achilis)
Tavandri (Valentinus)	Tavandri (Valentinus)
Teichmeyer (Friderici)	Teichmeyer (Friderici)
Teivser (Antoine)	Teivser (Antoine)
Telimechi (Peregrinationes)	Telimechi (Peregrinationes)
Tellado (Fr. Buenav.)	Tellado (Fr Buenav.)
Tellier (Mauricio)	Tellier (Mauricio)
Tello (Fr. Diego)	Tello (Fr Diego)
Temmen (Henrico)	Temmen (Henrico)
Tempesta (Dominicus)	Tempesta (Dominicus)
Tena (D. Luis)	Tena (D Luis)
Tena (Ludovici)	Tena (Luis)
Tenleda (D. Jeronimo)	Tenleda (D Jeronimo)
Teran (Juan Antonio)	Teran (Juan Antonio)
Terenti Afri (Pub)	Terenti Afri (Pub)
Terentii (Elianci)	Terentii (Elianci)
Terentii (L. Afri)	Terentii (L Afri)
Terracina (Laura)	Terracina (Laura)
Terrero (P. Estevan)	Terrero (P Estevan)
Terroner (P. Antonio)	Terroner (P Antonio)
Tertuliano (J. Jo. Florente)	Tertuliano (J Jo Florente)
Tertuliano (S. Sept.)	Tertuliano (S Sept.)
Teuii (Jacobi)	Teuii (Jacobo)
Texera (Fr. Josef)	Texera (Fr Josef)
Thamara (Dr. Francisco)	Thamara (Dr Francisco)
Thebaldeo (Antonio)	Thebaldeo (Antonio)
Thery (M.)	Thery (M.)
Thesaurus (D. Manuel)	Thesaurus (D Manuel)
Thiri (Antonii)	Thiri (Antonio)
Thomani (D. Michaelis)	Thomani (D Miguel)
Thomari (Christiani)	Thomari (Christiani)
Thomari (Nicolaus Aonici)	Thomari (Nicolás Aonici)
Thomasi (H. Jacobi)	Thomasi (H Jacobo)
Thomasi (Jacobi)	Thomasi (Jacobo)
Thura (Alberti)	Thura (Alberti)
Thurmanni (Sarpario)	Thurmanni (Sarpario)
Tipotii (Jacobi)	Tipotii (Jacobo)
Tisot (Cler.)	Tisot (Cler.)
Titelmanni (Fr. Francisci)	Titelmanni (Fr Francisco)
Toletani (García)	Toletani (García)
Toletani (Joannis Petri)	Toletani (Joannis Pedro)
Toletani (Lic. Garcia)	Toletani (Lic Garcia)
Tolosate (Jo. Raymundi)	Tolosate (Jo Raymundi)
Tomasini (Jacobi Filippi)	Tomasini (Jacobo Filippi)
Tome (Pauli)	Tome (Pablo)
Tommasino (Ludovico)	Tommasino (Ludovico)
Topii (Nicolai)	Topii (Nicolás)
Toppi (Nicole)	Toppi (Nicole)
Tornamira (Francisco Vicente de)	Tornamira (Francisco Vicente de)
Toro (Fr. Gabriel)	Toro (Fr Gabriel)
Torquemada (Antonio)	Torquemada (Antonio)
Torquemada (D. Io.)	Torquemada (D Io.)
Torquemada (D. Jo. de.)	Torquemada (D Jo de.)
Torre (D. Fernando)	Torre (D Fernando)
Torre (D. Francisco de la)	Torre (D Francisco de la)
Torre (D. Josef)	Torre (D Josef)
Torre (M. Felipe de la)	Torre (M Felipe de la)
Torre (Rafaelle della)	Torre (Rafaelle della)
Torre y Orumbella (D. D. Josef)	Torre y Orumbella (D D Josef)
Torremis (Francisci)	Torremis (Francisco)
Torres (Bartholomeus)	Torres (Bartholomeus)
Torres de Velasco (D. Antonio)	Torres de Velasco (D Antonio)
Torres (D.º Diego)	Torres (º Diego)
Torres (El Conde de las)	Torres (El de las)
Torres (M. Alfonso)	Torres (M Alfonso)
Torres (Marqués de)	Torres (Marqués de)
Torres (P. Pedro de)	Torres (P Pedro de)
Torres (Padre Juan de)	Torres (Juan de)
Torres (Rev. P. Fr. Pedro de)	Torres (Rev P Fr Pedro de)
Torres Villarroel (D. Diego)	Torres Villarroel (D Diego)
Torres y Tapia (D. Alonso)	Torres y Tapia (D Alonso)
Torres y Villanuel (D. Diego)	Torres y Villanuel (D Diego)
Torrubia (Fr. Josef)	Torrubia (Fr Josef)
Tortado (el)	Tortado (el)
Tosca (D. Thomas Vicente)	Tosca (D Tomás Vicente)
Toscano (Francisco Soarez)	Toscano (Francisco Soarez)
Tostado (Alfonso)	Tostado (Alfonso)
Tostoni (Jo.)	Tostoni (Jo.)
Tovar (D. Simón)	Tovar (D Simón)
Tovar Valderrama (D. Diego)	Tovar Valderrama (D Diego)
Toximon (el Cardenal)	Toximon (el)
Tracastorici (Hyeronymi)	Tracastorici (Hyeronymi)
Tragono (D. Juan)	Tragono (D Juan)
Tranmiera (Didaci Garcia)	Tranmiera (Didaci Garcia)
Transie (Joachin)	Transie (Joachin)
Trapezunti (Georg.)	Trapezunti (Georg.)
Tratutwein (D. Gregorio)	Tratutwein (D Gregorio)
Trelles (D. Joaquin)	Trelles (D Joaquin)
Trentanii (Petri Pildori)	Trentanii (Pedro Pildori)
Treutleri (Hexonimi)	Treutleri (Hexonimi)
Trexo (D. Luis de)	Trexo (D Luis de)
Tribaldo Toledo (Ludovico)	Tribaldo Toledo (Ludovico)
Trilles (Vincent)	Trilles (Vincent)
Trillo (Antonio)	Trillo (Antonio)
Trillo y Figueroa (D. Francisco de)	Trillo y Figueroa (D Francisco de)
Trillo y Figueroa (D. Juan de)	Trillo y Figueroa (D Juan de)
Trincado (D. Manuel)	Trincado (D Manuel)
Tristan (Gaspar)	Tristan (Gaspar)
Tristan (Joan)	Tristan (Joan)
Tristany (D. Buenaventura)	Tristany (D Buenaventura)
Trithemius (Joan)	Trithemius (Joan)
Trulliant (Phileontis)	Trulliant (Phileontis)
Trullo (Jordi)	Trullo (Jordi)
Truxillo (P. F. Manuel Maria)	Truxillo (P F Manuel Maria)
Tuani (Jacobi Augusti)	Tuani (Jacobo Augusti)
Tuani (Jo.: Auj:)	Tuani (Jo.: Auj:)
Tubeni (Diodoni)	Tubeni (Diodoni)
Tunerbi (Adriani)	Tunerbi (Adriani)
Turniani (Francisci)	Turniani (Francisco)
Turriani (Francisci)	Turriani (Francisco)
Turricremata (D. Io. de)	Turricremata (D Io de)
Turricremata (Jao)	Turricremata (Jao)
Turritani (M. Alfoni)	Turritani (M Alfoni)
Turtureto (D. Vincentio)	Turtureto (D Vincentio)
Tutini (D. Camilo)	Tutini (D Camilo)
Tutor y Malo (D. Pedro)	Tutor y Malo (D Pedro)
Tuxonici (Gregorii)	Tuxonici (Gregorio)
Tuy (D. Lucas)	Tuy (D Lucas)
Tybulli (Catulli)	Tybulli (Catulli)
Ubeda (Francisco López de)	Ubeda (Francisco López de)
Ubeni (Olrici)	Ubeni (Olrici)
Uberte Balaguer (D. Anastasio)	Uberte Balaguer (D Anastasio)
Uberte Balaguer (D. Anastasio Cancellino)	Uberte Balaguer (D Anastasio Cancellino)
Ubilla (D. Antonio)	Ubilla (D Antonio)
Ucedo (D. Sebastián de)	Ucedo (D Sebastián de)
Ulloa (Alonso)	Ulloa (Alonso)
Ulloa (D. Alvaro Francisco de)	Ulloa (D Alvaro Francisco de)
Ulloa (D. Antonio de)	Ulloa (D Antonio de)
Ulloa (D. Bernardo de)	Ulloa (D Bernardo de)
Ulloa (D. Pedro)	Ulloa (D Pedro)
Ulzurrun (Michaelis)	Ulzurrun (Miguel)
Urbina (Exmo. Senor D. F. Pedro de)	Urbina (Senor D F Pedro de)
Urbina y Düsfusa (F. Cecilio Santos)	Urbina y Düsfusa (F Cecilio Santos)
Urbino (M. Gio Mario Alessandri D.)	Urbino (M Gio Mario Alessandri D.)
Ureña (Marques de)	Ureña
Uria (Fr. Benito)	Uria (Fr Benito)
Urrea (D. Jeronimo Ximenez de)	Urrea (D Jeronimo Ximenez de)
Urreña (D. Iuan Gonzalez)	Urreña (D Iuan Gonzalez)
Ursi (L. Iuan)	Ursi (L Iuan)
Ursino (Iulii)	Ursino (Iulii)
Urtaniz (P. Jerónimo de)	Urtaniz (P Jerónimo de)
Usexius (Iacoby)	Usexius (Iacoby)
Uztarroz (P. Juan Francisco Andrés)	Uztarroz (P Juan Francisco Andrés)
Vaenius (Ernestus)	Vaenius (Ernestus)
Vaii (amaboni)	Vaii (amaboni)
Vaillant (Jo. Toy)	Vaillant (Jo Toy)
Vairach (D. Abbe de)	Vairach (D Abbe de)
Vala (Antonio)	Vala (Antonio)
Valaguer (D. Anatasio Mancelino Oberte)	Valaguer (D Anatasio Mancelino Oberte)
Valate (P. Michael de)	Valate (P Miguel de)
Valcarcel (Excmo. Sr. D. D. Antonio)	Valcarcel (Excmo Sr D D Antonio)
Valchio (Jo. Ernesto)	Valchio (Jo Ernesto)
Valdecebro (P. M. Fr. Andrés fde)	Valdecebro (P M Fr Andrés fde)
Valdeflores (Cotarquer D.)	Valdeflores (Cotarquer D.)
Valderas (Franc.)	Valderas (Franc.)
Valderio (D. Jacobo)	Valderio (D Jacobo)
Valderio (Doctore Jacobo)	Valderio (Doctore Jacobo)
Valdés (F. Fernando Ortiz de)	Valdés (F Fernando Ortiz de)
Valdés (F. Francisco)	Valdés (F Francisco)
Valdivieso (Mtro. Josef D.)	Valdivieso (Mtro Josef D.)
Valencia (D. Melchorix)	Valencia (D Melchorix)
Valencia (Gregorii)	Valencia (Gregorio)
Valencia (Petri)	Valencia (Pedro)
Valenii (Maximi)	Valenii (Maximi)
Valentini (Io. Stephani)	Valentini (Io Esteban)
Valentini (Panchalis)	Valentini (Panchalis)
Valenzuela (Belarguez D. Io.)	Valenzuela (Belarguez D Io.)
Valenzuela (D. Joannis)	Valenzuela (D Joannis)
Valenzuela (D. Pedro)	Valenzuela (D Pedro)
Valenzuela (Francisci)	Valenzuela (Francisco)
Valeriano (Joanne Pierio)	Valeriano (Joanne Pierio)
Valerii (Augustini)	Valerii (Agustín)
Valerii Flaci (C.)	Valerii Flaci (C.)
Valeron (D.D. Eman. Romanus)	Valeron (D Eman Romanus)
Valla (Laurentius)	Valla (Laurentius)
Valladares (D. Antonio)	Valladares (D Antonio)
Vallanna (D. Franc. Maria)	Vallanna (D Franc Maria)
Vallemont (El Abad)	Vallemont (El Abad)
Valles (Lic. Francisco)	Valles (Lic Francisco)
Vallesii  Cobarrubiani (Francisci)	Vallesii Cobarrubiani (Francisco)
Vallesii (Francisci)	Vallesii (Francisco)
Vallis florum (Cuarchio)	Vallis florum (Cuarchio)
Valsalbone (Fr. Ricardo)	Valsalbone (Fr Ricardo)
Valtanas (Fr. Domingo de)	Valtanas (Fr Domingo de)
Valunzi (Estefanu)	Valunzi (Estefanu)
Valverde (D. Antonio Sanchez)	Valverde (D Antonio Sanchez)
Van espen (Zegeri Bernardi)	Van espen (Zegeri Bernardo)
Van. (Mr.)	Van (Mr.)
Vanden (D. Lorenzo)	Vanden (D Lorenzo)
Vander Burchio (Lamberto)	Vander Burchio (Lamberto)
Vander (Petrus)	Vander (Pedro)
Vandermueben (S.)	Vandermueben (S.)
Vanienii (Jacobi)	Vanienii (Jacobo)
Vañor de Velazco (D. Juan)	Vañor de Velazco (D Juan)
Vara y Caberon (D. D. Gabriel de)	Vara y Caberon (D D Gabriel de)
Varaei (Joannis)	Varaei (Joannis)
Vargas (Baltasar)	Vargas (Baltasar)
Vargas (Bernardo Perez de)	Vargas (Bernardo Perez de)
Vargas (D. Bernabe de)	Vargas (D Bernabe de)
Vargas (D. Bernardo)	Vargas (D Bernardo)
Vargas (D. Thomas Tamayo de)	Vargas (D Tomás Tamayo de)
Varronis (M. Terentii)	Varronis (M Terentii)
Varros (Alonso de)	Varros (Alonso de)
Vasconcellio (P. Antonio)	Vasconcellio (P Antonio)
Vasconcelos (D. Agustin Manuel)	Vasconcelos (D Agustin Manuel)
Vasrqui (Benedicto)	Vasrqui (Benedicto)
Vauban (M. le Marcohal)	Vauban (M le Marcohal)
Vauban (Mr. de)	Vauban (Mr de)
Vavaronius (Franc.)	Vavaronius (Franc.)
Vayen de Boutigni (Mr.)	Vayen de Boutigni (Mr.)
Vazquez (D. Ferdinandus)	Vazquez (D Ferdinandus)
Vazquez (D. Fernando Alonso)	Vazquez (D Fernando Alonso)
Vazquez (D. To)	Vazquez (D To)
Vazquez de Miranda (D. F. Alonso)	Vazquez de Miranda (D F Alonso)
Vazquez y (D. Ferdinandus)	Vazquez y (D Ferdinandus)
Vecilla (Pedro de la)	Vecilla (Pedro de la)
Vedmar (D. Francisco)	Vedmar (D Francisco)
Vega Carpio (D. Félix de)	Vega Carpio (D Félix de)
Vega Carpio (Dr. Fr. Lope Feliz de)	Vega Carpio (Dr Fr Lope Feliz de)
Vega Carpio (Lope de)	Vega Carpio (Lope de)
Vega. (D. Antonio López)	Vega (D Antonio López)
Vega (D. Francisco de)	Vega (D Francisco de)
Vega (Fr. Damian de)	Vega (Fr Damian de)
Vega (Garcilaso de)	Vega (Garcilaso de)
Vegeno (L.)	Vegeno (L.)
Vegetii (Flavii)	Vegetii (Flavii)
Veigel (Josef Antonio)	Veigel (Josef Antonio)
Veitia (D. Josef)	Veitia (D Josef)
Vela (D. Jacopo)	Vela (D Jacopo)
Velasco (Alvarus)	Velasco (Alvarus)
Velasco (D. Gabriel Abaxen)	Velasco (D Gabriel Abaxen)
Velasco (D. Juan Bautista Gil)	Velasco (D Juan Bautista Gil)
Velasco (D. Pedro Fernandez)	Velasco (D Pedro Fernandez)
Velasco de Medinilla (D. Pedro)	Velasco de Medinilla (D Pedro)
Velasco Gouvea (F. Francis)	Velasco Gouvea (F Francis)
Velasco (Juan de)	Velasco (Juan de)
Velasco (Juan Lopez)	Velasco (Juan Lopez)
Velasco y Trevexo (D. Juan Banoz)	Velasco y Trevexo (D Juan Banoz)
Velazquez (D. Luis Jose)	Velazquez (D Luis Jose)
Velazquez de Velasco (D. Alonso)	Velazquez de Velasco (D Alonso)
Velazquez (Didaco)	Velazquez (Didaco)
Velazquez (Pedro)	Velazquez (Pedro)
Velazquez Sanzmento (D. José de Alarcos)	Velazquez Sanzmento (D José de Alarcos)
Velez Marín (D. Manuel)	Velez Marín (D Manuel)
Velkery (Augustus)	Velkery (Augustus)
Vellonillo (A. Ferdinandi)	Vellonillo (A Ferdinandi)
Velseri (Marci)	Velseri (Marcos)
Velvo (Sulielmo)	Velvo (Sulielmo)
Venavides (Didaci)	Venavides (Didaci)
Venegas (Alex.)	Venegas (Alex.)
Venegas (P. Eligio)	Venegas (P Eligio)
Venero (R. P. Fr. Alonso)	Venero (R P Fr Alonso)
Veneti (Marcii Pauli)	Veneti (Marcii Pablo)
Venetia (P. Paolo)	Venetia (P Paolo)
Ventivollo (El Cardenal)	Ventivollo (El)
Ventura (Conin)	Ventura (Conin)
Venutini (Boiard)	Venutini (Boiard)
Vera (Juan Antonio de)	Vera (Juan Antonio de)
Vera y Figueora (D. Fran)	Vera y Figueora (D Fran)
Vera y Zuñiga (D. Juan Antonio)	Vera y Zuñiga (D Juan Antonio)
Veranio (D. Placido)	Veranio (D Placido)
Verapoor (Simoni)	Verapoor (Simoni)
Verde (D. Francisco)	Verde (D Francisco)
Vergara (D. Cayetano)	Vergara (D Cayetano)
Vergara (F. Francisco Ruiz)	Vergara (F Francisco Ruiz)
Vergara (Juan)	Vergara (Juan)
Verini (Micaelis)	Verini (Micaelis)
Vermuleyo (Nicolás)	Vermuleyo (Nicolás)
Vernen (M.)	Vernen (M.)
Vertelunga (F. Batista)	Vertelunga (F Batista)
Vertrani (Ciranci)	Vertrani (Ciranci)
Verzolae (Joannis)	Verzolae (Joannis)
Vetancourt (R. P. F. Augustín de)	Vetancourt (R P F Augustín de)
Veveregio (Guilielmo)	Veveregio (Guilielmo)
Viago (J. Francisco)	Viago (J Francisco)
Vicente Thomas (D. Josef)	Vicente Tomás (D Josef)
Vicho (Enecio)	Vicho (Enecio)
Victoriae (P. Fr. Agustin de)	Victoriae (P Fr Agustin de)
Victoriae (P. Francisci)	Victoriae (P Francisco)
Victorii (Petri)	Victorii (Pedro)
Vidania (Diego Vincentio de)	Vidania (Diego Vincentio de)
Vienna (Realis de)	Vienna (Realis de)
Vigelii (Nicolaï)	Vigelii (Nicolaï)
Viglius (Theofili)	Viglius (Theofili)
Vilchii (Joa.)	Vilchii (Joa.)
Villa (F. Esteban de)	Villa (F Esteban de)
Villa Real (D. Pedro)	Villa Real (D Pedro)
Villa Rubea (Aldovinus)	Villa Rubea (Aldovinus)
Villa Sánchez (Jacobi Castillo aliade)	Villa Sánchez (Jacobo Castillo aliade)
Villacastin (F. Thomas)	Villacastin (F Tomás)
Villadiego (Eundisalis)	Villadiego (Eundisalis)
Villafañe (F. de Arphe)	Villafañe (F de Arphe)
Villafañe (F. Juan de)	Villafañe (F Juan de)
Villagomez (Illmo. D. Pedro)	Villagomez (Illmo D Pedro)
Villagra (El Capellan Gaspar de)	Villagra (El Capellan Gaspar de)
Villagutierre (D. Juan)	Villagutierre (D Juan)
Villalobos (D. Francisco)	Villalobos (D Francisco)
Villalobos (D. Simon)	Villalobos (D Simon)
Villalobos (Joanne Baptista)	Villalobos (Joanne Baptista)
Villalobos (Joannis)	Villalobos (Joannis)
Villalobos y Benavides (D. Diego)	Villalobos y Benavides (D Diego)
Villalpando (Jacobi)	Villalpando (Jacobo)
Villalpando (Sarpanis Carolus)	Villalpando (Sarpanis Carlos)
Villalva (D. Didaco Francisco)	Villalva (D Didaco Francisco)
Villamino (Fr. Mathiae de)	Villamino (Fr Mathiae de)
Villan (P. Juan)	Villan (P Juan)
Villanoel (Fr. Gaspar de)	Villanoel (Fr Gaspar de)
Villanova (Sancti Thomae à)	Villanova (Sancti Tomás à)
Villanueva (D. D. Joaquin)	Villanueva (D D Joaquin)
Villar (Conde de)	Villar
Villar (D. Miguel Martin del)	Villar (D Miguel Martin del)
Villar Garcia (F. Francisco)	Villar Garcia (F Francisco)
Villar Maldonado (D. Ignacio del)	Villar Maldonado (D Ignacio del)
Villaran (Juan Muñez de)	Villaran (Juan Muñez de)
Villarroel (El Abate)	Villarroel (El Abate)
Villasboar (Antonio de)	Villasboar (Antonio de)
Villasboar Sampayo (Pedro de)	Villasboar Sampayo (Pedro de)
Villasenor (D. José Antonio de)	Villasenor (D José Antonio de)
Villavicentio (R. Laurentius)	Villavicentio (R Laurentius)
Villaviciosa (José de)	Villaviciosa (José de)
Villegas (Antonio)	Villegas (Antonio)
Villegas (D. Diego Enríquez)	Villegas (D Diego Enríquez)
Villegas (D. Francisco de Quevedo)	Villegas (D Francisco de Quevedo)
Villegas (Dr. Esteban Manuel de)	Villegas (Dr Esteban Manuel de)
Villemere (Cav. Bardet de)	Villemere (Cav Bardet de)
Villena (Marques de)	Villena
Vincenti (D. Pedro)	Vincenti (D Pedro)
Vincenti (Placii)	Vincenti (Placii)
Vincentii (Vincentius)	Vincentii (Vincentius)
Vinci (Leonardo de)	Vinci (Leonardo de)
Vinnii (Arnoldi)	Vinnii (Arnoldi)
Vio Cajetani (D. Thomae)	Vio Cajetani (D Tomás)
Viperanii (Foa Ant.)	Viperanii (Foa Ant.)
Virgilio Malvezzi (Marques)	Virgilio Malvezzi
Virgilio (Polidoro)	Virgilio (Polidoro)
Virtungi (Micaelis)	Virtungi (Micaelis)
Vitruvii Pollio (C.)	Vitruvii Pollio (C.)
Viveque Vargel (Oliponciano)	Viveque Vargel (Oliponciano)
Vives (Jo. Ludovici)	Vives (Jo Luis)
Vizcaino Perez (D. Vic.)	Vizcaino Perez (D Vic.)
Vizcay (D. Martin)	Vizcay (D Martin)
Voet (Paul)	Voet (Paul)
Voigtii (Greg.)	Voigtii (Greg.)
Voltaire (M. de)	Voltaire (M de)
Vonfelcele (Joannes)	Vonfelcele (Juan)
Voorda (Jacobi)	Voorda (Jacobo)
Vossi (G. Joan)	Vossi (G Joan)
Votero (Juan de)	Votero (Juan de)
Wadingo (Fr. Luna)	Wadingo (Fr Luna)
Wagenseilii (Joh. Christophori)	Wagenseilii (Joh Christophori)
Wagneri (Fobae)	Wagneri (Fobae)
Wagneri (Jo. Georgii)	Wagneri (Jo Jorge)
Waha (Guilielmi)	Waha (Guilielmi)
Walaeo (Antonii)	Walaeo (Antonio)
Walchii (Ernesti)	Walchii (Ernesti)
Walchii (Jo. Georgii)	Walchii (Jo Jorge)
Walli (Jacobi)	Walli (Jacobo)
Walthenii (Iuani)	Walthenii (Iuani)
Walton (Briani)	Walton (Briani)
Warembergii (Everhardi)	Warembergii (Everhardi)
Wedenhagen (Joannes Angelius)	Wedenhagen (Juan Angelius)
Weidleri (To Trivemici)	Weidleri (To Trivemici)
Weitenauer (Ignacio)	Weitenauer (Ignacio)
Welwood (Guilielmo)	Welwood (Guilielmo)
Wendelini (M. Frid.)	Wendelini (M Frid.)
Wendelino (Gottefridi)	Wendelino (Gottefridi)
Wenento (Thaddaeus)	Wenento (Thaddaeus)
Werembech (Matthei)	Werembech (Matthei)
Werle (Johannes)	Werle (Juan)
Wesseling (Petri)	Wesseling (Pedro)
Westembergii (Joannis)	Westembergii (Joannis)
Weygelsperg (Josepho Antonio)	Weygelsperg (Josepho Antonio)
When. (Oegoxei)	When (Oegoxei)
Wicquefort (Mr. de)	Wicquefort (Mr de)
Wieling (Abrahami)	Wieling (Abrahami)
Willembergi (Samuelis Fid.)	Willembergi (Samuelis Fid.)
Wilson (Chr.)	Wilson (Chr.)
Winter (Jurga Valentino)	Winter (Jurga Valentino)
Wisembachii (Jo)	Wisembachii (Jo)
Witasse (Carol)	Witasse (Carol)
Wittichii (Jacobi)	Wittichii (Jacobo)
Wleii (Herm.)	Wleii (Herm.)
Wolfgangi (Jo.)	Wolfgangi (Jo.)
Wolfii (Jo. Christiani)	Wolfii (Jo Christiani)
Wolfius (Jacob Gabb.)	Wolfius (Jacob Gabb.)
Wucherer (Jo.)	Wucherer (Jo.)
Xerez (Francisco)	Xerez (Francisco)
Ximena (F. Martin de)	Ximena (F Martin de)
Ximenez Barranco (F. Michael)	Ximenez Barranco (F Miguel)
Ximenez de Aragui (Fernando)	Ximenez de Aragui (Fernando)
Ximenez (F. Franc.)	Ximenez (F Franc.)
Ximenez Pathon (Bartholomeus)	Ximenez Pathon (Bartholomeus)
Ximenez (Sebastiano)	Ximenez (Sebastiano)
Ximeno (D. Vicente)	Ximeno (D Vicente)
Xulve (D. Pedro)	Xulve (D Pedro)
Y. Imhoff (Jacobi Wilhelmus)	Y Imhoff (Jacobo Wilhelmus)
Yague de Salas (Juan)	Yague de Salas (Juan)
Yañez (D. Juan)	Yañez (D Juan)
Yañez de Abile (Fr. Pablo)	Yañez de Abile (Fr Pablo)
Yañez Pantoja (Joannis)	Yañez Pantoja (Joannis)
Ycart (Micer Luis Porde)	Ycart (Micer Luis Porde)
Ydiáquez (Francisco)	Ydiáquez (Francisco)
Ydriega (S.H.)	Ydriega (H.)
Yldefonso (Gabriel)	Yldefonso (Gabriel)
Ymhof (Jeron)	Ymhof (Jeron)
Ynchuramio (Curtio)	Ynchuramio (Curtio)
Yriarte (D. Juan)	Yriarte (D Juan)
Yriarte (D. Thomas)	Yriarte (D Tomás)
Yriarte (Francisco Diego)	Yriarte (Francisco Diego)
Ysabel (Capitán Marcos)	Ysabel (Capitán Marcos)
Ysla (Cura)	Ysla (Cura)
Ysla (L. Jph. Fran. D.)	Ysla (L Jph Fran D.)
Ysla (Lázaro de)	Ysla (Lázaro de)
Zabaleta (D. Juan)	Zabaleta (D Juan)
Zacuti (Abrahami)	Zacuti (Abrahami)
Zamellius (Gotofredi)	Zamellius (Gotofredi)
Zamora (Antonio vaner)	Zamora (Antonio vaner)
Zamora (D. Onencio Luis)	Zamora (D Onencio Luis)
Zamora (Lorenzo)	Zamora (Lorenzo)
Zamorano (Lic. Rodrigo)	Zamorano (Lic Rodrigo)
Zannoti (D. Juan)	Zannoti (D Juan)
Zapat (Georgius Guillelmus)	Zapat (Jorge Guillelmus)
Zapata (D. Ant. Lupian)	Zapata (D Ant Lupian)
Zapata (D. Diego)	Zapata (D Diego)
Zapata (D. Luis)	Zapata (D Luis)
Zapata (Fr. Jo.)	Zapata (Fr Jo.)
Zapater (Fr. Miguel Ramon)	Zapater (Fr Miguel Ramon)
Zara (Antonio)	Zara (Antonio)
Zaragoza (Fr. Lamberto de)	Zaragoza (Fr Lamberto de)
Zaragoza (Josepho)	Zaragoza (Josepho)
Zarate (Agustin de)	Zarate (Agustin de)
Zarate (Juan Lopez de)	Zarate (Juan Lopez de)
Zarrera (Fran.)	Zarrera (Fran.)
Zavala (D. Gaspar)	Zavala (D Gaspar)
Zecchio (Laelio)	Zecchio (Laelio)
Zech. (C. C. de)	Zech (C C de)
Zennada y Castro (D. Diego Antonio)	Zennada y Castro (D Diego Antonio)
Zenocaro (Guilielmo)	Zenocaro (Guilielmo)
Zentgravius (Joh. Joachimo)	Zentgravius (Joh Joachimo)
Zepeda, Castro et Gudel (Dr. Franciscus Joseph de)	Zepeda Castro et Gudel (Dr Francisco Joseph de)
Zepeda (D. Alonso de)	Zepeda (D Alonso de)
Zepeda (Lic. Franc.)	Zepeda (Lic Franc.)
Zevallos (F. Pedro Ordóñez)	Zevallos (F Pedro Ordóñez)
Zevallos (Fr. Fernando de)	Zevallos (Fr Fernando de)
Ziegleri (Gasparis)	Ziegleri (Gasparis)
Ziletty (D. Io. Baptista)	Ziletty (D Io Baptista)
Ziletty (Franciscus)	Ziletty (Francisco)
Zimmermanno (D. Mathaeo Wen.)	Zimmermanno (D Mathaeo Wen.)
Zuccoli (Adamus)	Zuccoli (Adamus)
Zuichemi (Vigli)	Zuichemi (Vigli)
Zumoxon (Juan Angel)	Zumoxon (Juan Angel)
Zuniga (D. Baltasar)	Zuniga (D Baltasar)
Zuniga (dic. Juan de)	Zuniga (dic Juan de)
Zuniga (Fr. Diego)	Zuniga (Fr Diego)
Zuniga (Fr. Diego Ortiz)	Zuniga (Fr Diego Ortiz)
Zurita (Severino)	Zurita (Severino)
Zurita y Haro (D. Fernando Tacinto)	Zurita y Haro (D Fernando Tacinto)
Zypaco (Franc.)	Zypaco (Franc.)
